suite,adapter,start_index,limit,tasks,rows,path
semantic_schema_iclr2027,data2mcp_dataframe,0,5,5,10,toxictool_bench/results/20260719-192536_data2mcp_dataframe_gpt-5.4-mini_both.jsonl
semantic_schema_iclr2027,data2mcp_dataframe,5,5,5,10,toxictool_bench/results/20260719-210620_data2mcp_dataframe_gpt-5.4-mini_both_start5_limit5.jsonl
semantic_schema_iclr2027,data2mcp_dataframe,10,5,5,10,toxictool_bench/results/20260719-222150_data2mcp_dataframe_gpt-5.4-mini_both_start10_limit5.jsonl
semantic_schema_iclr2027,data2mcp_dataframe,15,5,5,10,toxictool_bench/results/20260719-232226_data2mcp_dataframe_gpt-5.4-mini_both_start15_limit5.jsonl
semantic_schema_iclr2027,data2mcp_dataframe,20,5,5,10,toxictool_bench/results/20260720-003238_data2mcp_dataframe_gpt-5.4-mini_both_start20_limit5.jsonl
semantic_schema_iclr2027,data2mcp_dataframe_caution,0,5,5,10,toxictool_bench/results/20260719-192839_data2mcp_dataframe_caution_gpt-5.4-mini_both.jsonl
semantic_schema_iclr2027,data2mcp_dataframe_caution,5,5,5,10,toxictool_bench/results/20260719-210908_data2mcp_dataframe_caution_gpt-5.4-mini_both_start5_limit5.jsonl
semantic_schema_iclr2027,data2mcp_dataframe_caution,10,5,5,10,toxictool_bench/results/20260719-222424_data2mcp_dataframe_caution_gpt-5.4-mini_both_start10_limit5.jsonl
semantic_schema_iclr2027,data2mcp_dataframe_caution,15,5,5,10,toxictool_bench/results/20260719-232506_data2mcp_dataframe_caution_gpt-5.4-mini_both_start15_limit5.jsonl
semantic_schema_iclr2027,data2mcp_dataframe_caution,20,5,5,10,toxictool_bench/results/20260720-003633_data2mcp_dataframe_caution_gpt-5.4-mini_both_start20_limit5.jsonl
semantic_schema_iclr2027,data2mcp_dataframe_expectation_only,0,5,5,10,toxictool_bench/results/20260719-193148_data2mcp_dataframe_expectation_only_gpt-5.4-mini_both.jsonl
semantic_schema_iclr2027,data2mcp_dataframe_expectation_only,5,5,5,10,toxictool_bench/results/20260719-211203_data2mcp_dataframe_expectation_only_gpt-5.4-mini_both_start5_limit5.jsonl
semantic_schema_iclr2027,data2mcp_dataframe_expectation_only,10,5,5,10,toxictool_bench/results/20260719-222739_data2mcp_dataframe_expectation_only_gpt-5.4-mini_both_start10_limit5.jsonl
semantic_schema_iclr2027,data2mcp_dataframe_expectation_only,15,5,5,10,toxictool_bench/results/20260719-232907_data2mcp_dataframe_expectation_only_gpt-5.4-mini_both_start15_limit5.jsonl
semantic_schema_iclr2027,data2mcp_dataframe_expectation_only,20,5,5,10,toxictool_bench/results/20260720-004225_data2mcp_dataframe_expectation_only_gpt-5.4-mini_both_start20_limit5.jsonl
semantic_schema_iclr2027,data2mcp_dataframe_verification_only,0,5,5,10,toxictool_bench/results/20260719-195500_data2mcp_dataframe_verification_only_gpt-5.4-mini_both.jsonl
semantic_schema_iclr2027,data2mcp_dataframe_verification_only,5,5,5,10,toxictool_bench/results/20260719-211512_data2mcp_dataframe_verification_only_gpt-5.4-mini_both_start5_limit5.jsonl
semantic_schema_iclr2027,data2mcp_dataframe_verification_only,10,5,5,10,toxictool_bench/results/20260719-223021_data2mcp_dataframe_verification_only_gpt-5.4-mini_both_start10_limit5.jsonl
semantic_schema_iclr2027,data2mcp_dataframe_verification_only,15,5,5,10,toxictool_bench/results/20260719-233229_data2mcp_dataframe_verification_only_gpt-5.4-mini_both_start15_limit5.jsonl
semantic_schema_iclr2027,data2mcp_dataframe_verification_only,20,5,5,10,toxictool_bench/results/20260720-004549_data2mcp_dataframe_verification_only_gpt-5.4-mini_both_start20_limit5.jsonl
semantic_schema_iclr2027,data2mcp_dataframe_guarded,0,5,5,10,toxictool_bench/results/20260719-200052_data2mcp_dataframe_guarded_gpt-5.4-mini_both.jsonl
semantic_schema_iclr2027,data2mcp_dataframe_guarded,5,5,5,10,toxictool_bench/results/20260719-212052_data2mcp_dataframe_guarded_gpt-5.4-mini_both_start5_limit5.jsonl
semantic_schema_iclr2027,data2mcp_dataframe_guarded,10,5,5,10,toxictool_bench/results/20260719-223601_data2mcp_dataframe_guarded_gpt-5.4-mini_both_start10_limit5.jsonl
semantic_schema_iclr2027,data2mcp_dataframe_guarded,15,5,5,10,toxictool_bench/results/20260719-234042_data2mcp_dataframe_guarded_gpt-5.4-mini_both_start15_limit5.jsonl
semantic_schema_iclr2027,data2mcp_dataframe_guarded,20,5,5,10,toxictool_bench/results/20260720-005421_data2mcp_dataframe_guarded_gpt-5.4-mini_both_start20_limit5.jsonl
semantic_schema_iclr2027,data2mcp_dataframe_guarded_light,0,5,5,10,toxictool_bench/results/20260719-200651_data2mcp_dataframe_guarded_light_gpt-5.4-mini_both.jsonl
semantic_schema_iclr2027,data2mcp_dataframe_guarded_light,5,5,5,10,toxictool_bench/results/20260719-212836_data2mcp_dataframe_guarded_light_gpt-5.4-mini_both_start5_limit5.jsonl
semantic_schema_iclr2027,data2mcp_dataframe_guarded_light,10,5,5,10,toxictool_bench/results/20260719-224215_data2mcp_dataframe_guarded_light_gpt-5.4-mini_both_start10_limit5.jsonl
semantic_schema_iclr2027,data2mcp_dataframe_guarded_light,15,5,5,10,toxictool_bench/results/20260719-234759_data2mcp_dataframe_guarded_light_gpt-5.4-mini_both_start15_limit5.jsonl
semantic_schema_iclr2027,data2mcp_dataframe_guarded_light,20,5,5,10,toxictool_bench/results/20260720-010329_data2mcp_dataframe_guarded_light_gpt-5.4-mini_both_start20_limit5.jsonl
numerical_iclr2027,data2mcp_dataframe,0,5,5,10,toxictool_bench/results/20260719-202940_data2mcp_dataframe_gpt-5.4-mini_both_start0_limit5.jsonl
numerical_iclr2027,data2mcp_dataframe,5,5,5,10,toxictool_bench/results/20260719-213617_data2mcp_dataframe_gpt-5.4-mini_both_start5_limit5.jsonl
numerical_iclr2027,data2mcp_dataframe,10,5,5,10,toxictool_bench/results/20260719-224813_data2mcp_dataframe_gpt-5.4-mini_both_start10_limit5.jsonl
numerical_iclr2027,data2mcp_dataframe,15,5,5,10,toxictool_bench/results/20260719-235550_data2mcp_dataframe_gpt-5.4-mini_both_start15_limit5.jsonl
numerical_iclr2027,data2mcp_dataframe,20,5,5,10,toxictool_bench/results/20260720-011223_data2mcp_dataframe_gpt-5.4-mini_both_start20_limit5.jsonl
numerical_iclr2027,data2mcp_dataframe_caution,0,5,5,10,toxictool_bench/results/20260719-203256_data2mcp_dataframe_caution_gpt-5.4-mini_both_start0_limit5.jsonl
numerical_iclr2027,data2mcp_dataframe_caution,5,5,5,10,toxictool_bench/results/20260719-213917_data2mcp_dataframe_caution_gpt-5.4-mini_both_start5_limit5.jsonl
numerical_iclr2027,data2mcp_dataframe_caution,10,5,5,10,toxictool_bench/results/20260719-225114_data2mcp_dataframe_caution_gpt-5.4-mini_both_start10_limit5.jsonl
numerical_iclr2027,data2mcp_dataframe_caution,15,5,5,10,toxictool_bench/results/20260719-235856_data2mcp_dataframe_caution_gpt-5.4-mini_both_start15_limit5.jsonl
numerical_iclr2027,data2mcp_dataframe_caution,20,5,5,10,toxictool_bench/results/20260720-011525_data2mcp_dataframe_caution_gpt-5.4-mini_both_start20_limit5.jsonl
numerical_iclr2027,data2mcp_dataframe_expectation_only,0,5,5,10,toxictool_bench/results/20260719-203631_data2mcp_dataframe_expectation_only_gpt-5.4-mini_both_start0_limit5.jsonl
numerical_iclr2027,data2mcp_dataframe_expectation_only,5,5,5,10,toxictool_bench/results/20260719-214257_data2mcp_dataframe_expectation_only_gpt-5.4-mini_both_start5_limit5.jsonl
numerical_iclr2027,data2mcp_dataframe_expectation_only,10,5,5,10,toxictool_bench/results/20260719-225451_data2mcp_dataframe_expectation_only_gpt-5.4-mini_both_start10_limit5.jsonl
numerical_iclr2027,data2mcp_dataframe_expectation_only,15,5,5,10,toxictool_bench/results/20260720-000307_data2mcp_dataframe_expectation_only_gpt-5.4-mini_both_start15_limit5.jsonl
numerical_iclr2027,data2mcp_dataframe_expectation_only,20,5,5,10,toxictool_bench/results/20260720-011943_data2mcp_dataframe_expectation_only_gpt-5.4-mini_both_start20_limit5.jsonl
numerical_iclr2027,data2mcp_dataframe_verification_only,0,5,5,10,toxictool_bench/results/20260719-203954_data2mcp_dataframe_verification_only_gpt-5.4-mini_both_start0_limit5.jsonl
numerical_iclr2027,data2mcp_dataframe_verification_only,5,5,5,10,toxictool_bench/results/20260719-214605_data2mcp_dataframe_verification_only_gpt-5.4-mini_both_start5_limit5.jsonl
numerical_iclr2027,data2mcp_dataframe_verification_only,10,5,5,10,toxictool_bench/results/20260719-225757_data2mcp_dataframe_verification_only_gpt-5.4-mini_both_start10_limit5.jsonl
numerical_iclr2027,data2mcp_dataframe_verification_only,15,5,5,10,toxictool_bench/results/20260720-000605_data2mcp_dataframe_verification_only_gpt-5.4-mini_both_start15_limit5.jsonl
numerical_iclr2027,data2mcp_dataframe_verification_only,20,5,5,10,toxictool_bench/results/20260720-012228_data2mcp_dataframe_verification_only_gpt-5.4-mini_both_start20_limit5.jsonl
numerical_iclr2027,data2mcp_dataframe_guarded,0,5,5,10,toxictool_bench/results/20260719-204618_data2mcp_dataframe_guarded_gpt-5.4-mini_both_start0_limit5.jsonl
numerical_iclr2027,data2mcp_dataframe_guarded,5,5,5,10,toxictool_bench/results/20260719-215159_data2mcp_dataframe_guarded_gpt-5.4-mini_both_start5_limit5.jsonl
numerical_iclr2027,data2mcp_dataframe_guarded,10,5,5,10,toxictool_bench/results/20260719-230403_data2mcp_dataframe_guarded_gpt-5.4-mini_both_start10_limit5.jsonl
numerical_iclr2027,data2mcp_dataframe_guarded,15,5,5,10,toxictool_bench/results/20260720-001229_data2mcp_dataframe_guarded_gpt-5.4-mini_both_start15_limit5.jsonl
numerical_iclr2027,data2mcp_dataframe_guarded,20,5,5,10,toxictool_bench/results/20260720-013242_data2mcp_dataframe_guarded_gpt-5.4-mini_both_start20_limit5.jsonl
numerical_iclr2027,data2mcp_dataframe_guarded_light,0,5,5,10,toxictool_bench/results/20260719-205310_data2mcp_dataframe_guarded_light_gpt-5.4-mini_both_start0_limit5.jsonl
numerical_iclr2027,data2mcp_dataframe_guarded_light,5,5,5,10,toxictool_bench/results/20260719-220705_data2mcp_dataframe_guarded_light_gpt-5.4-mini_both_start5_limit5.jsonl
numerical_iclr2027,data2mcp_dataframe_guarded_light,10,5,5,10,toxictool_bench/results/20260719-231109_data2mcp_dataframe_guarded_light_gpt-5.4-mini_both_start10_limit5.jsonl
numerical_iclr2027,data2mcp_dataframe_guarded_light,15,5,5,10,toxictool_bench/results/20260720-002235_data2mcp_dataframe_guarded_light_gpt-5.4-mini_both_start15_limit5.jsonl
numerical_iclr2027,data2mcp_dataframe_guarded_light,20,5,5,10,toxictool_bench/results/20260720-013948_data2mcp_dataframe_guarded_light_gpt-5.4-mini_both_start20_limit5.jsonl
