experiment,suite,variant,tasks,source
cross_model,numerical,,toxictool_bench/tasks/numerical_expanded.jsonl,toxictool_bench/results/20260707-133726_langgraph_react_full_gpt-5.4-mini_both.jsonl
cross_model,numerical,,toxictool_bench/tasks/numerical_expanded.jsonl,toxictool_bench/results/20260707-134758_smolagents_toolcalling_gpt-5.4-mini_both.jsonl
cross_model,numerical,,toxictool_bench/tasks/numerical_expanded.jsonl,toxictool_bench/results/20260707-130327_pandasai_dataframe_gpt-5.4-mini_both.jsonl
cross_model,numerical,,toxictool_bench/tasks/numerical_expanded.jsonl,toxictool_bench/results/20260707-124859_autogen_tool_agent_gpt-5.4-mini_both.jsonl
cross_model,numerical,,toxictool_bench/tasks/numerical_expanded.jsonl,toxictool_bench/results/20260707-130859_da_agent_full_gpt-5.4-mini_both.jsonl
cross_model,numerical,,toxictool_bench/tasks/numerical_expanded.jsonl,toxictool_bench/results/20260707-160205_langgraph_react_full_claude-sonnet-4-6_both.jsonl
cross_model,numerical,,toxictool_bench/tasks/numerical_expanded.jsonl,toxictool_bench/results/20260707-161144_smolagents_toolcalling_claude-sonnet-4-6_both.jsonl
cross_model,numerical,,toxictool_bench/tasks/numerical_expanded.jsonl,toxictool_bench/results/20260707-170254_pandasai_dataframe_claude-sonnet-4-6_both.jsonl
cross_model,numerical,,toxictool_bench/tasks/numerical_expanded.jsonl,toxictool_bench/results/20260707-171009_autogen_tool_agent_claude-sonnet-4-6_both.jsonl
cross_model,numerical,,toxictool_bench/tasks/numerical_expanded.jsonl,toxictool_bench/results/20260707-180904_langgraph_react_full_Qwen3.6-35B-A3B-no-thinking_both.jsonl
cross_model,numerical,,toxictool_bench/tasks/numerical_expanded.jsonl,toxictool_bench/results/20260707-181347_smolagents_toolcalling_Qwen3.6-35B-A3B-no-thinking_both.jsonl
cross_model,numerical,,toxictool_bench/tasks/numerical_expanded.jsonl,toxictool_bench/results/20260707-191325_pandasai_dataframe_Qwen3.6-35B-A3B-no-thinking_both.jsonl
cross_model,numerical,,toxictool_bench/tasks/numerical_expanded.jsonl,toxictool_bench/results/20260707-191533_autogen_tool_agent_Qwen3.6-35B-A3B-no-thinking_both.jsonl
cross_model,semantic_schema,,toxictool_bench/tasks/semantic_schema.jsonl,toxictool_bench/results/20260717-151320_langgraph_react_full_gpt-5.4-mini_both.jsonl
cross_model,semantic_schema,,toxictool_bench/tasks/semantic_schema.jsonl,toxictool_bench/results/20260717-152215_smolagents_toolcalling_gpt-5.4-mini_both.jsonl
cross_model,semantic_schema,,toxictool_bench/tasks/semantic_schema.jsonl,toxictool_bench/results/20260717-154035_pandasai_dataframe_gpt-5.4-mini_both.jsonl
cross_model,semantic_schema,,toxictool_bench/tasks/semantic_schema.jsonl,toxictool_bench/results/20260717-154417_autogen_tool_agent_gpt-5.4-mini_both.jsonl
cross_model,semantic_schema,,toxictool_bench/tasks/semantic_schema.jsonl,toxictool_bench/results/20260717-174634_langgraph_react_full_claude-sonnet-4-6_both.jsonl
cross_model,semantic_schema,,toxictool_bench/tasks/semantic_schema.jsonl,toxictool_bench/results/20260717-175313_smolagents_toolcalling_claude-sonnet-4-6_both.jsonl
cross_model,semantic_schema,,toxictool_bench/tasks/semantic_schema.jsonl,toxictool_bench/results/20260717-181538_pandasai_dataframe_claude-sonnet-4-6_both.jsonl
cross_model,semantic_schema,,toxictool_bench/tasks/semantic_schema.jsonl,toxictool_bench/results/20260717-181929_autogen_tool_agent_claude-sonnet-4-6_both.jsonl
cross_model,semantic_schema,,toxictool_bench/tasks/semantic_schema.jsonl,toxictool_bench/results/20260717-183020_langgraph_react_full_Qwen3.6-35B-A3B-no-thinking_both.jsonl
cross_model,semantic_schema,,toxictool_bench/tasks/semantic_schema.jsonl,toxictool_bench/results/20260717-183447_smolagents_toolcalling_Qwen3.6-35B-A3B-no-thinking_both.jsonl
cross_model,semantic_schema,,toxictool_bench/tasks/semantic_schema.jsonl,toxictool_bench/results/20260717-193637_pandasai_dataframe_Qwen3.6-35B-A3B-no-thinking_both.jsonl
cross_model,semantic_schema,,toxictool_bench/tasks/semantic_schema.jsonl,toxictool_bench/results/20260717-193925_autogen_tool_agent_Qwen3.6-35B-A3B-no-thinking_both.jsonl
expanded_gpt,numerical,,toxictool_bench/tasks/numerical_iclr2027.jsonl,toxictool_bench/results/20260721-145704_langgraph_react_full_gpt-5.4-mini_both.jsonl
expanded_gpt,numerical,,toxictool_bench/tasks/numerical_iclr2027.jsonl,toxictool_bench/results/20260721-152956_smolagents_toolcalling_gpt-5.4-mini_both.jsonl
expanded_gpt,numerical,,toxictool_bench/tasks/numerical_iclr2027.jsonl,toxictool_bench/results/20260721-172417_autogen_tool_agent_gpt-5.4-mini_both.jsonl
expanded_gpt,semantic_schema,,toxictool_bench/tasks/semantic_schema_iclr2027.jsonl,toxictool_bench/results/20260721-182010_langgraph_react_full_gpt-5.4-mini_both.jsonl
expanded_gpt,semantic_schema,,toxictool_bench/tasks/semantic_schema_iclr2027.jsonl,toxictool_bench/results/20260721-184737_smolagents_toolcalling_gpt-5.4-mini_both.jsonl
expanded_gpt,semantic_schema,,toxictool_bench/tasks/semantic_schema_iclr2027.jsonl,toxictool_bench/results/20260721-203945_autogen_tool_agent_gpt-5.4-mini_both.jsonl
langgraph_guard,semantic_schema,Base,toxictool_bench/tasks/semantic_schema_iclr2027.jsonl,toxictool_bench/results/20260727-181936_langgraph_react_full_gpt-5.4-mini_both.jsonl
langgraph_guard,semantic_schema,Caution only,toxictool_bench/tasks/semantic_schema_iclr2027.jsonl,toxictool_bench/results/20260727-183533_langgraph_react_caution_gpt-5.4-mini_both.jsonl
langgraph_guard,semantic_schema,Expectation only,toxictool_bench/tasks/semantic_schema_iclr2027.jsonl,toxictool_bench/results/20260727-185413_langgraph_react_expectation_only_gpt-5.4-mini_both.jsonl
langgraph_guard,semantic_schema,Verification only,toxictool_bench/tasks/semantic_schema_iclr2027.jsonl,toxictool_bench/results/20260727-191339_langgraph_react_verification_only_gpt-5.4-mini_both.jsonl
langgraph_guard,semantic_schema,Full guard,toxictool_bench/tasks/semantic_schema_iclr2027.jsonl,toxictool_bench/results/20260727-195623_langgraph_react_guarded_gpt-5.4-mini_both.jsonl
langgraph_guard,semantic_schema,Light guard,toxictool_bench/tasks/semantic_schema_iclr2027.jsonl,toxictool_bench/results/20260727-204150_langgraph_react_guarded_light_gpt-5.4-mini_both.jsonl
langgraph_guard,numerical,Base,toxictool_bench/tasks/numerical_iclr2027.jsonl,toxictool_bench/results/20260727-212412_langgraph_react_full_gpt-5.4-mini_both.jsonl
langgraph_guard,numerical,Caution only,toxictool_bench/tasks/numerical_iclr2027.jsonl,toxictool_bench/results/20260727-214226_langgraph_react_caution_gpt-5.4-mini_both.jsonl
langgraph_guard,numerical,Expectation only,toxictool_bench/tasks/numerical_iclr2027.jsonl,toxictool_bench/results/20260727-220136_langgraph_react_expectation_only_gpt-5.4-mini_both.jsonl
langgraph_guard,numerical,Verification only,toxictool_bench/tasks/numerical_iclr2027.jsonl,toxictool_bench/results/20260727-222017_langgraph_react_verification_only_gpt-5.4-mini_both.jsonl
langgraph_guard,numerical,Full guard,toxictool_bench/tasks/numerical_iclr2027.jsonl,toxictool_bench/results/20260727-230614_langgraph_react_guarded_gpt-5.4-mini_both.jsonl
langgraph_guard,numerical,Light guard,toxictool_bench/tasks/numerical_iclr2027.jsonl,toxictool_bench/results/20260727-234618_langgraph_react_guarded_light_gpt-5.4-mini_both.jsonl
autogen_guard,combined,Verification only,toxictool_bench/tasks/numerical_iclr2027.jsonl;toxictool_bench/tasks/semantic_schema_iclr2027.jsonl,toxictool_bench/results/autogen_verification_only_gpt-5.4-mini_expanded120_combined.jsonl
autogen_guard,combined,Full guard,toxictool_bench/tasks/numerical_iclr2027.jsonl;toxictool_bench/tasks/semantic_schema_iclr2027.jsonl,toxictool_bench/results/autogen_guarded_gpt-5.4-mini_expanded120_combined.jsonl
multitable,realistic_extension,Base,toxictool_bench/tasks/realistic_extension_iclr2027.jsonl,toxictool_bench/results/20260728-002920_langgraph_react_full_gpt-5.4-mini_both.jsonl
multitable,realistic_extension,Full guard,toxictool_bench/tasks/realistic_extension_iclr2027.jsonl,toxictool_bench/results/20260728-003314_langgraph_react_guarded_gpt-5.4-mini_both.jsonl
multitable,realistic_extension,Light guard,toxictool_bench/tasks/realistic_extension_iclr2027.jsonl,toxictool_bench/results/20260728-004224_langgraph_react_guarded_light_gpt-5.4-mini_both.jsonl
alternative_baseline,numerical,Abstain,toxictool_bench/tasks/numerical_iclr2027_stratified20.jsonl,toxictool_bench/results/20260819-201605_langgraph_react_abstain_gpt-5.4-mini_both.jsonl
alternative_baseline,numerical,Randomized,toxictool_bench/tasks/numerical_iclr2027_stratified20.jsonl,toxictool_bench/results/20260819-202654_langgraph_react_randomized_gpt-5.4-mini_both.jsonl
alternative_baseline,numerical,Selective,toxictool_bench/tasks/numerical_iclr2027_stratified20.jsonl,toxictool_bench/results/20260819-203525_langgraph_react_selective_gpt-5.4-mini_both.jsonl
alternative_baseline,semantic_schema,Abstain,toxictool_bench/tasks/semantic_schema_iclr2027_stratified10.jsonl,toxictool_bench/results/20260819-204338_langgraph_react_abstain_gpt-5.4-mini_both.jsonl
alternative_baseline,semantic_schema,Randomized,toxictool_bench/tasks/semantic_schema_iclr2027_stratified10.jsonl,toxictool_bench/results/20260819-204923_langgraph_react_randomized_gpt-5.4-mini_both.jsonl
alternative_baseline,semantic_schema,Selective,toxictool_bench/tasks/semantic_schema_iclr2027_stratified10.jsonl,toxictool_bench/results/20260819-205356_langgraph_react_selective_gpt-5.4-mini_both.jsonl
multiroute_stress,semantic_schema,p=0.00,toxictool_bench/tasks/semantic_schema_iclr2027_stratified10.jsonl,toxictool_bench/results/20260819-200022_langgraph_react_guarded_gpt-5.4-mini_toxic.jsonl
multiroute_stress,semantic_schema,p=0.25,toxictool_bench/tasks/semantic_schema_iclr2027_stratified10.jsonl,toxictool_bench/results/20260819-200256_langgraph_react_guarded_gpt-5.4-mini_toxic.jsonl
multiroute_stress,semantic_schema,p=0.50,toxictool_bench/tasks/semantic_schema_iclr2027_stratified10.jsonl,toxictool_bench/results/20260819-200600_langgraph_react_guarded_gpt-5.4-mini_toxic.jsonl
multiroute_stress,semantic_schema,p=1.00,toxictool_bench/tasks/semantic_schema_iclr2027_stratified10.jsonl,toxictool_bench/results/20260819-200918_langgraph_react_guarded_gpt-5.4-mini_toxic.jsonl
