suite,poison_probability,adapter,start_index,limit,path
numerical_iclr2027,0.25,langgraph_react_verification_only,0,5,toxictool_bench/results/verification_stress/numerical_iclr2027/p025/20260830-154515_langgraph_react_verification_only_claude-haiku-4-5-20251001_toxic_start0_limit5.jsonl
numerical_iclr2027,0.25,langgraph_react_verification_only,5,5,toxictool_bench/results/verification_stress/numerical_iclr2027/p025/20260830-154739_langgraph_react_verification_only_claude-haiku-4-5-20251001_toxic_start5_limit5.jsonl
numerical_iclr2027,0.25,langgraph_react_verification_only,10,5,toxictool_bench/results/verification_stress/numerical_iclr2027/p025/20260830-155036_langgraph_react_verification_only_claude-haiku-4-5-20251001_toxic_start10_limit5.jsonl
numerical_iclr2027,0.25,langgraph_react_verification_only,15,5,toxictool_bench/results/verification_stress/numerical_iclr2027/p025/20260830-155253_langgraph_react_verification_only_claude-haiku-4-5-20251001_toxic_start15_limit5.jsonl
numerical_iclr2027,0.25,langgraph_react_verification_only,20,5,toxictool_bench/results/verification_stress/numerical_iclr2027/p025/20260830-155436_langgraph_react_verification_only_claude-haiku-4-5-20251001_toxic_start20_limit5.jsonl
numerical_iclr2027,0.25,langgraph_react_verification_only,25,5,toxictool_bench/results/verification_stress/numerical_iclr2027/p025/20260830-155704_langgraph_react_verification_only_claude-haiku-4-5-20251001_toxic_start25_limit5.jsonl
numerical_iclr2027,0.25,langgraph_react_verification_only,30,5,toxictool_bench/results/verification_stress/numerical_iclr2027/p025/20260830-155851_langgraph_react_verification_only_claude-haiku-4-5-20251001_toxic_start30_limit5.jsonl
numerical_iclr2027,0.25,langgraph_react_verification_only,35,5,toxictool_bench/results/verification_stress/numerical_iclr2027/p025/20260830-160134_langgraph_react_verification_only_claude-haiku-4-5-20251001_toxic_start35_limit5.jsonl
numerical_iclr2027,0.25,langgraph_react_verification_only,40,5,toxictool_bench/results/verification_stress/numerical_iclr2027/p025/20260830-160353_langgraph_react_verification_only_claude-haiku-4-5-20251001_toxic_start40_limit5.jsonl
numerical_iclr2027,0.25,langgraph_react_verification_only,45,5,toxictool_bench/results/verification_stress/numerical_iclr2027/p025/20260830-160624_langgraph_react_verification_only_claude-haiku-4-5-20251001_toxic_start45_limit5.jsonl
numerical_iclr2027,0.25,langgraph_react_verification_only,50,5,toxictool_bench/results/verification_stress/numerical_iclr2027/p025/20260830-160909_langgraph_react_verification_only_claude-haiku-4-5-20251001_toxic_start50_limit5.jsonl
numerical_iclr2027,0.25,langgraph_react_verification_only,55,5,toxictool_bench/results/verification_stress/numerical_iclr2027/p025/20260830-161245_langgraph_react_verification_only_claude-haiku-4-5-20251001_toxic_start55_limit5.jsonl
numerical_iclr2027,0.25,langgraph_react_double_pass,0,5,toxictool_bench/results/verification_stress/numerical_iclr2027/p025/20260830-161733_langgraph_react_double_pass_claude-haiku-4-5-20251001_toxic_start0_limit5.jsonl
numerical_iclr2027,0.25,langgraph_react_double_pass,5,5,toxictool_bench/results/verification_stress/numerical_iclr2027/p025/20260830-162443_langgraph_react_double_pass_claude-haiku-4-5-20251001_toxic_start5_limit5.jsonl
numerical_iclr2027,0.25,langgraph_react_double_pass,10,5,toxictool_bench/results/verification_stress/numerical_iclr2027/p025/20260830-162745_langgraph_react_double_pass_claude-haiku-4-5-20251001_toxic_start10_limit5.jsonl
numerical_iclr2027,0.25,langgraph_react_double_pass,15,5,toxictool_bench/results/verification_stress/numerical_iclr2027/p025/20260830-163618_langgraph_react_double_pass_claude-haiku-4-5-20251001_toxic_start15_limit5.jsonl
numerical_iclr2027,0.25,langgraph_react_double_pass,20,5,toxictool_bench/results/verification_stress/numerical_iclr2027/p025/20260830-164054_langgraph_react_double_pass_claude-haiku-4-5-20251001_toxic_start20_limit5.jsonl
numerical_iclr2027,0.25,langgraph_react_double_pass,25,5,toxictool_bench/results/verification_stress/numerical_iclr2027/p025/20260830-164621_langgraph_react_double_pass_claude-haiku-4-5-20251001_toxic_start25_limit5.jsonl
numerical_iclr2027,0.25,langgraph_react_double_pass,30,5,toxictool_bench/results/verification_stress/numerical_iclr2027/p025/20260830-164916_langgraph_react_double_pass_claude-haiku-4-5-20251001_toxic_start30_limit5.jsonl
numerical_iclr2027,0.25,langgraph_react_double_pass,35,5,toxictool_bench/results/verification_stress/numerical_iclr2027/p025/20260830-165223_langgraph_react_double_pass_claude-haiku-4-5-20251001_toxic_start35_limit5.jsonl
numerical_iclr2027,0.25,langgraph_react_double_pass,40,5,toxictool_bench/results/verification_stress/numerical_iclr2027/p025/20260830-165610_langgraph_react_double_pass_claude-haiku-4-5-20251001_toxic_start40_limit5.jsonl
numerical_iclr2027,0.25,langgraph_react_double_pass,45,5,toxictool_bench/results/verification_stress/numerical_iclr2027/p025/20260830-165927_langgraph_react_double_pass_claude-haiku-4-5-20251001_toxic_start45_limit5.jsonl
numerical_iclr2027,0.25,langgraph_react_double_pass,50,5,toxictool_bench/results/verification_stress/numerical_iclr2027/p025/20260830-170306_langgraph_react_double_pass_claude-haiku-4-5-20251001_toxic_start50_limit5.jsonl
numerical_iclr2027,0.25,langgraph_react_double_pass,55,5,toxictool_bench/results/verification_stress/numerical_iclr2027/p025/20260830-170816_langgraph_react_double_pass_claude-haiku-4-5-20251001_toxic_start55_limit5.jsonl
numerical_iclr2027,0.25,langgraph_react_guarded,0,5,toxictool_bench/results/verification_stress/numerical_iclr2027/p025/20260830-171329_langgraph_react_guarded_claude-haiku-4-5-20251001_toxic_start0_limit5.jsonl
numerical_iclr2027,0.25,langgraph_react_guarded,5,5,toxictool_bench/results/verification_stress/numerical_iclr2027/p025/20260830-171640_langgraph_react_guarded_claude-haiku-4-5-20251001_toxic_start5_limit5.jsonl
numerical_iclr2027,0.25,langgraph_react_guarded,10,5,toxictool_bench/results/verification_stress/numerical_iclr2027/p025/20260830-172017_langgraph_react_guarded_claude-haiku-4-5-20251001_toxic_start10_limit5.jsonl
numerical_iclr2027,0.25,langgraph_react_guarded,15,5,toxictool_bench/results/verification_stress/numerical_iclr2027/p025/20260830-172329_langgraph_react_guarded_claude-haiku-4-5-20251001_toxic_start15_limit5.jsonl
numerical_iclr2027,0.25,langgraph_react_guarded,20,5,toxictool_bench/results/verification_stress/numerical_iclr2027/p025/20260830-172656_langgraph_react_guarded_claude-haiku-4-5-20251001_toxic_start20_limit5.jsonl
numerical_iclr2027,0.25,langgraph_react_guarded,25,5,toxictool_bench/results/verification_stress/numerical_iclr2027/p025/20260830-173050_langgraph_react_guarded_claude-haiku-4-5-20251001_toxic_start25_limit5.jsonl
numerical_iclr2027,0.25,langgraph_react_guarded,30,5,toxictool_bench/results/verification_stress/numerical_iclr2027/p025/20260830-173446_langgraph_react_guarded_claude-haiku-4-5-20251001_toxic_start30_limit5.jsonl
numerical_iclr2027,0.25,langgraph_react_guarded,35,5,toxictool_bench/results/verification_stress/numerical_iclr2027/p025/20260830-173808_langgraph_react_guarded_claude-haiku-4-5-20251001_toxic_start35_limit5.jsonl
numerical_iclr2027,0.25,langgraph_react_guarded,40,5,toxictool_bench/results/verification_stress/numerical_iclr2027/p025/20260830-174134_langgraph_react_guarded_claude-haiku-4-5-20251001_toxic_start40_limit5.jsonl
numerical_iclr2027,0.25,langgraph_react_guarded,45,5,toxictool_bench/results/verification_stress/numerical_iclr2027/p025/20260830-174433_langgraph_react_guarded_claude-haiku-4-5-20251001_toxic_start45_limit5.jsonl
numerical_iclr2027,0.25,langgraph_react_guarded,50,5,toxictool_bench/results/verification_stress/numerical_iclr2027/p025/20260830-174744_langgraph_react_guarded_claude-haiku-4-5-20251001_toxic_start50_limit5.jsonl
numerical_iclr2027,0.25,langgraph_react_guarded,55,5,toxictool_bench/results/verification_stress/numerical_iclr2027/p025/20260830-175222_langgraph_react_guarded_claude-haiku-4-5-20251001_toxic_start55_limit5.jsonl
numerical_iclr2027,0.5,langgraph_react_verification_only,0,5,toxictool_bench/results/verification_stress/numerical_iclr2027/p050/20260830-175722_langgraph_react_verification_only_claude-haiku-4-5-20251001_toxic_start0_limit5.jsonl
numerical_iclr2027,0.5,langgraph_react_verification_only,5,5,toxictool_bench/results/verification_stress/numerical_iclr2027/p050/20260830-175921_langgraph_react_verification_only_claude-haiku-4-5-20251001_toxic_start5_limit5.jsonl
numerical_iclr2027,0.5,langgraph_react_verification_only,10,5,toxictool_bench/results/verification_stress/numerical_iclr2027/p050/20260830-180213_langgraph_react_verification_only_claude-haiku-4-5-20251001_toxic_start10_limit5.jsonl
numerical_iclr2027,0.5,langgraph_react_verification_only,15,5,toxictool_bench/results/verification_stress/numerical_iclr2027/p050/20260830-180423_langgraph_react_verification_only_claude-haiku-4-5-20251001_toxic_start15_limit5.jsonl
numerical_iclr2027,0.5,langgraph_react_verification_only,20,5,toxictool_bench/results/verification_stress/numerical_iclr2027/p050/20260830-180658_langgraph_react_verification_only_claude-haiku-4-5-20251001_toxic_start20_limit5.jsonl
numerical_iclr2027,0.5,langgraph_react_verification_only,25,5,toxictool_bench/results/verification_stress/numerical_iclr2027/p050/20260830-181006_langgraph_react_verification_only_claude-haiku-4-5-20251001_toxic_start25_limit5.jsonl
numerical_iclr2027,0.5,langgraph_react_verification_only,30,5,toxictool_bench/results/verification_stress/numerical_iclr2027/p050/20260830-181257_langgraph_react_verification_only_claude-haiku-4-5-20251001_toxic_start30_limit5.jsonl
numerical_iclr2027,0.5,langgraph_react_verification_only,35,5,toxictool_bench/results/verification_stress/numerical_iclr2027/p050/20260830-181618_langgraph_react_verification_only_claude-haiku-4-5-20251001_toxic_start35_limit5.jsonl
numerical_iclr2027,0.5,langgraph_react_verification_only,40,5,toxictool_bench/results/verification_stress/numerical_iclr2027/p050/20260830-181943_langgraph_react_verification_only_claude-haiku-4-5-20251001_toxic_start40_limit5.jsonl
numerical_iclr2027,0.5,langgraph_react_verification_only,45,5,toxictool_bench/results/verification_stress/numerical_iclr2027/p050/20260830-182155_langgraph_react_verification_only_claude-haiku-4-5-20251001_toxic_start45_limit5.jsonl
numerical_iclr2027,0.5,langgraph_react_verification_only,50,5,toxictool_bench/results/verification_stress/numerical_iclr2027/p050/20260830-182411_langgraph_react_verification_only_claude-haiku-4-5-20251001_toxic_start50_limit5.jsonl
numerical_iclr2027,0.5,langgraph_react_verification_only,55,5,toxictool_bench/results/verification_stress/numerical_iclr2027/p050/20260830-182715_langgraph_react_verification_only_claude-haiku-4-5-20251001_toxic_start55_limit5.jsonl
numerical_iclr2027,0.5,langgraph_react_double_pass,0,5,toxictool_bench/results/verification_stress/numerical_iclr2027/p050/20260830-183115_langgraph_react_double_pass_claude-haiku-4-5-20251001_toxic_start0_limit5.jsonl
numerical_iclr2027,0.5,langgraph_react_double_pass,5,5,toxictool_bench/results/verification_stress/numerical_iclr2027/p050/20260830-183407_langgraph_react_double_pass_claude-haiku-4-5-20251001_toxic_start5_limit5.jsonl
numerical_iclr2027,0.5,langgraph_react_double_pass,10,5,toxictool_bench/results/verification_stress/numerical_iclr2027/p050/20260830-183728_langgraph_react_double_pass_claude-haiku-4-5-20251001_toxic_start10_limit5.jsonl
numerical_iclr2027,0.5,langgraph_react_double_pass,15,5,toxictool_bench/results/verification_stress/numerical_iclr2027/p050/20260830-184011_langgraph_react_double_pass_claude-haiku-4-5-20251001_toxic_start15_limit5.jsonl
numerical_iclr2027,0.5,langgraph_react_double_pass,20,5,toxictool_bench/results/verification_stress/numerical_iclr2027/p050/20260830-184347_langgraph_react_double_pass_claude-haiku-4-5-20251001_toxic_start20_limit5.jsonl
numerical_iclr2027,0.5,langgraph_react_double_pass,25,5,toxictool_bench/results/verification_stress/numerical_iclr2027/p050/20260830-184709_langgraph_react_double_pass_claude-haiku-4-5-20251001_toxic_start25_limit5.jsonl
numerical_iclr2027,0.5,langgraph_react_double_pass,30,5,toxictool_bench/results/verification_stress/numerical_iclr2027/p050/20260830-185044_langgraph_react_double_pass_claude-haiku-4-5-20251001_toxic_start30_limit5.jsonl
numerical_iclr2027,0.5,langgraph_react_double_pass,35,5,toxictool_bench/results/verification_stress/numerical_iclr2027/p050/20260830-185415_langgraph_react_double_pass_claude-haiku-4-5-20251001_toxic_start35_limit5.jsonl
numerical_iclr2027,0.5,langgraph_react_double_pass,40,5,toxictool_bench/results/verification_stress/numerical_iclr2027/p050/20260830-185720_langgraph_react_double_pass_claude-haiku-4-5-20251001_toxic_start40_limit5.jsonl
numerical_iclr2027,0.5,langgraph_react_double_pass,45,5,toxictool_bench/results/verification_stress/numerical_iclr2027/p050/20260830-185957_langgraph_react_double_pass_claude-haiku-4-5-20251001_toxic_start45_limit5.jsonl
numerical_iclr2027,0.5,langgraph_react_double_pass,50,5,toxictool_bench/results/verification_stress/numerical_iclr2027/p050/20260830-190340_langgraph_react_double_pass_claude-haiku-4-5-20251001_toxic_start50_limit5.jsonl
numerical_iclr2027,0.5,langgraph_react_double_pass,55,5,toxictool_bench/results/verification_stress/numerical_iclr2027/p050/20260830-191224_langgraph_react_double_pass_claude-haiku-4-5-20251001_toxic_start55_limit5.jsonl
numerical_iclr2027,0.5,langgraph_react_guarded,0,5,toxictool_bench/results/verification_stress/numerical_iclr2027/p050/20260830-191834_langgraph_react_guarded_claude-haiku-4-5-20251001_toxic_start0_limit5.jsonl
numerical_iclr2027,0.5,langgraph_react_guarded,5,5,toxictool_bench/results/verification_stress/numerical_iclr2027/p050/20260830-192226_langgraph_react_guarded_claude-haiku-4-5-20251001_toxic_start5_limit5.jsonl
numerical_iclr2027,0.5,langgraph_react_guarded,10,5,toxictool_bench/results/verification_stress/numerical_iclr2027/p050/20260830-192541_langgraph_react_guarded_claude-haiku-4-5-20251001_toxic_start10_limit5.jsonl
numerical_iclr2027,0.5,langgraph_react_guarded,15,5,toxictool_bench/results/verification_stress/numerical_iclr2027/p050/20260830-192914_langgraph_react_guarded_claude-haiku-4-5-20251001_toxic_start15_limit5.jsonl
numerical_iclr2027,0.5,langgraph_react_guarded,20,5,toxictool_bench/results/verification_stress/numerical_iclr2027/p050/20260830-193301_langgraph_react_guarded_claude-haiku-4-5-20251001_toxic_start20_limit5.jsonl
numerical_iclr2027,0.5,langgraph_react_guarded,25,5,toxictool_bench/results/verification_stress/numerical_iclr2027/p050/20260830-193654_langgraph_react_guarded_claude-haiku-4-5-20251001_toxic_start25_limit5.jsonl
numerical_iclr2027,0.5,langgraph_react_guarded,30,5,toxictool_bench/results/verification_stress/numerical_iclr2027/p050/20260830-193938_langgraph_react_guarded_claude-haiku-4-5-20251001_toxic_start30_limit5.jsonl
numerical_iclr2027,0.5,langgraph_react_guarded,35,5,toxictool_bench/results/verification_stress/numerical_iclr2027/p050/20260830-194406_langgraph_react_guarded_claude-haiku-4-5-20251001_toxic_start35_limit5.jsonl
numerical_iclr2027,0.5,langgraph_react_guarded,40,5,toxictool_bench/results/verification_stress/numerical_iclr2027/p050/20260830-194742_langgraph_react_guarded_claude-haiku-4-5-20251001_toxic_start40_limit5.jsonl
numerical_iclr2027,0.5,langgraph_react_guarded,45,5,toxictool_bench/results/verification_stress/numerical_iclr2027/p050/20260830-195033_langgraph_react_guarded_claude-haiku-4-5-20251001_toxic_start45_limit5.jsonl
numerical_iclr2027,0.5,langgraph_react_guarded,50,5,toxictool_bench/results/verification_stress/numerical_iclr2027/p050/20260830-195441_langgraph_react_guarded_claude-haiku-4-5-20251001_toxic_start50_limit5.jsonl
numerical_iclr2027,0.5,langgraph_react_guarded,55,5,toxictool_bench/results/verification_stress/numerical_iclr2027/p050/20260830-195759_langgraph_react_guarded_claude-haiku-4-5-20251001_toxic_start55_limit5.jsonl
numerical_iclr2027,0.75,langgraph_react_verification_only,0,5,toxictool_bench/results/verification_stress/numerical_iclr2027/p075/20260830-183216_langgraph_react_verification_only_claude-haiku-4-5-20251001_toxic_start0_limit5.jsonl
numerical_iclr2027,0.75,langgraph_react_verification_only,5,5,toxictool_bench/results/verification_stress/numerical_iclr2027/p075/20260830-183517_langgraph_react_verification_only_claude-haiku-4-5-20251001_toxic_start5_limit5.jsonl
numerical_iclr2027,0.75,langgraph_react_verification_only,10,5,toxictool_bench/results/verification_stress/numerical_iclr2027/p075/20260830-183810_langgraph_react_verification_only_claude-haiku-4-5-20251001_toxic_start10_limit5.jsonl
numerical_iclr2027,0.75,langgraph_react_verification_only,15,5,toxictool_bench/results/verification_stress/numerical_iclr2027/p075/20260830-184141_langgraph_react_verification_only_claude-haiku-4-5-20251001_toxic_start15_limit5.jsonl
numerical_iclr2027,0.75,langgraph_react_verification_only,20,5,toxictool_bench/results/verification_stress/numerical_iclr2027/p075/20260830-185129_langgraph_react_verification_only_claude-haiku-4-5-20251001_toxic_start20_limit5.jsonl
numerical_iclr2027,0.75,langgraph_react_verification_only,25,5,toxictool_bench/results/verification_stress/numerical_iclr2027/p075/20260830-185424_langgraph_react_verification_only_claude-haiku-4-5-20251001_toxic_start25_limit5.jsonl
numerical_iclr2027,0.75,langgraph_react_verification_only,30,5,toxictool_bench/results/verification_stress/numerical_iclr2027/p075/20260830-185656_langgraph_react_verification_only_claude-haiku-4-5-20251001_toxic_start30_limit5.jsonl
numerical_iclr2027,0.75,langgraph_react_verification_only,35,5,toxictool_bench/results/verification_stress/numerical_iclr2027/p075/20260830-185917_langgraph_react_verification_only_claude-haiku-4-5-20251001_toxic_start35_limit5.jsonl
numerical_iclr2027,0.75,langgraph_react_verification_only,40,5,toxictool_bench/results/verification_stress/numerical_iclr2027/p075/20260830-190235_langgraph_react_verification_only_claude-haiku-4-5-20251001_toxic_start40_limit5.jsonl
numerical_iclr2027,0.75,langgraph_react_verification_only,45,5,toxictool_bench/results/verification_stress/numerical_iclr2027/p075/20260830-190725_langgraph_react_verification_only_claude-haiku-4-5-20251001_toxic_start45_limit5.jsonl
numerical_iclr2027,0.75,langgraph_react_verification_only,50,5,toxictool_bench/results/verification_stress/numerical_iclr2027/p075/20260830-191153_langgraph_react_verification_only_claude-haiku-4-5-20251001_toxic_start50_limit5.jsonl
numerical_iclr2027,0.75,langgraph_react_verification_only,55,5,toxictool_bench/results/verification_stress/numerical_iclr2027/p075/20260830-191539_langgraph_react_verification_only_claude-haiku-4-5-20251001_toxic_start55_limit5.jsonl
numerical_iclr2027,0.75,langgraph_react_double_pass,0,5,toxictool_bench/results/verification_stress/numerical_iclr2027/p075/20260830-192024_langgraph_react_double_pass_claude-haiku-4-5-20251001_toxic_start0_limit5.jsonl
numerical_iclr2027,0.75,langgraph_react_double_pass,5,5,toxictool_bench/results/verification_stress/numerical_iclr2027/p075/20260830-192454_langgraph_react_double_pass_claude-haiku-4-5-20251001_toxic_start5_limit5.jsonl
numerical_iclr2027,0.75,langgraph_react_double_pass,10,5,toxictool_bench/results/verification_stress/numerical_iclr2027/p075/20260830-192751_langgraph_react_double_pass_claude-haiku-4-5-20251001_toxic_start10_limit5.jsonl
numerical_iclr2027,0.75,langgraph_react_double_pass,15,5,toxictool_bench/results/verification_stress/numerical_iclr2027/p075/20260830-193054_langgraph_react_double_pass_claude-haiku-4-5-20251001_toxic_start15_limit5.jsonl
numerical_iclr2027,0.75,langgraph_react_double_pass,20,5,toxictool_bench/results/verification_stress/numerical_iclr2027/p075/20260830-193500_langgraph_react_double_pass_claude-haiku-4-5-20251001_toxic_start20_limit5.jsonl
numerical_iclr2027,0.75,langgraph_react_double_pass,25,5,toxictool_bench/results/verification_stress/numerical_iclr2027/p075/20260830-193718_langgraph_react_double_pass_claude-haiku-4-5-20251001_toxic_start25_limit5.jsonl
numerical_iclr2027,0.75,langgraph_react_double_pass,30,5,toxictool_bench/results/verification_stress/numerical_iclr2027/p075/20260830-193955_langgraph_react_double_pass_claude-haiku-4-5-20251001_toxic_start30_limit5.jsonl
numerical_iclr2027,0.75,langgraph_react_double_pass,35,5,toxictool_bench/results/verification_stress/numerical_iclr2027/p075/20260830-194222_langgraph_react_double_pass_claude-haiku-4-5-20251001_toxic_start35_limit5.jsonl
numerical_iclr2027,0.75,langgraph_react_double_pass,40,5,toxictool_bench/results/verification_stress/numerical_iclr2027/p075/20260830-194532_langgraph_react_double_pass_claude-haiku-4-5-20251001_toxic_start40_limit5.jsonl
numerical_iclr2027,0.75,langgraph_react_double_pass,45,5,toxictool_bench/results/verification_stress/numerical_iclr2027/p075/20260830-194830_langgraph_react_double_pass_claude-haiku-4-5-20251001_toxic_start45_limit5.jsonl
numerical_iclr2027,0.75,langgraph_react_double_pass,50,5,toxictool_bench/results/verification_stress/numerical_iclr2027/p075/20260830-195113_langgraph_react_double_pass_claude-haiku-4-5-20251001_toxic_start50_limit5.jsonl
numerical_iclr2027,0.75,langgraph_react_double_pass,55,5,toxictool_bench/results/verification_stress/numerical_iclr2027/p075/20260830-195514_langgraph_react_double_pass_claude-haiku-4-5-20251001_toxic_start55_limit5.jsonl
numerical_iclr2027,0.75,langgraph_react_guarded,0,5,toxictool_bench/results/verification_stress/numerical_iclr2027/p075/20260830-200330_langgraph_react_guarded_claude-haiku-4-5-20251001_toxic_start0_limit5.jsonl
numerical_iclr2027,0.75,langgraph_react_guarded,5,5,toxictool_bench/results/verification_stress/numerical_iclr2027/p075/20260830-200606_langgraph_react_guarded_claude-haiku-4-5-20251001_toxic_start5_limit5.jsonl
numerical_iclr2027,0.75,langgraph_react_guarded,10,5,toxictool_bench/results/verification_stress/numerical_iclr2027/p075/20260830-200917_langgraph_react_guarded_claude-haiku-4-5-20251001_toxic_start10_limit5.jsonl
numerical_iclr2027,0.75,langgraph_react_guarded,15,5,toxictool_bench/results/verification_stress/numerical_iclr2027/p075/20260830-201241_langgraph_react_guarded_claude-haiku-4-5-20251001_toxic_start15_limit5.jsonl
numerical_iclr2027,0.75,langgraph_react_guarded,20,5,toxictool_bench/results/verification_stress/numerical_iclr2027/p075/20260830-201555_langgraph_react_guarded_claude-haiku-4-5-20251001_toxic_start20_limit5.jsonl
numerical_iclr2027,0.75,langgraph_react_guarded,25,5,toxictool_bench/results/verification_stress/numerical_iclr2027/p075/20260830-202304_langgraph_react_guarded_claude-haiku-4-5-20251001_toxic_start25_limit5.jsonl
numerical_iclr2027,0.75,langgraph_react_guarded,30,5,toxictool_bench/results/verification_stress/numerical_iclr2027/p075/20260830-202620_langgraph_react_guarded_claude-haiku-4-5-20251001_toxic_start30_limit5.jsonl
numerical_iclr2027,0.75,langgraph_react_guarded,35,5,toxictool_bench/results/verification_stress/numerical_iclr2027/p075/20260830-202952_langgraph_react_guarded_claude-haiku-4-5-20251001_toxic_start35_limit5.jsonl
numerical_iclr2027,0.75,langgraph_react_guarded,40,5,toxictool_bench/results/verification_stress/numerical_iclr2027/p075/20260830-203401_langgraph_react_guarded_claude-haiku-4-5-20251001_toxic_start40_limit5.jsonl
numerical_iclr2027,0.75,langgraph_react_guarded,45,5,toxictool_bench/results/verification_stress/numerical_iclr2027/p075/20260830-203721_langgraph_react_guarded_claude-haiku-4-5-20251001_toxic_start45_limit5.jsonl
numerical_iclr2027,0.75,langgraph_react_guarded,50,5,toxictool_bench/results/verification_stress/numerical_iclr2027/p075/20260830-204133_langgraph_react_guarded_claude-haiku-4-5-20251001_toxic_start50_limit5.jsonl
numerical_iclr2027,0.75,langgraph_react_guarded,55,5,toxictool_bench/results/verification_stress/numerical_iclr2027/p075/20260830-204525_langgraph_react_guarded_claude-haiku-4-5-20251001_toxic_start55_limit5.jsonl
numerical_iclr2027,1.0,langgraph_react_verification_only,0,5,toxictool_bench/results/verification_stress/numerical_iclr2027/p100/20260830-160327_langgraph_react_verification_only_claude-haiku-4-5-20251001_toxic_start0_limit5.jsonl
numerical_iclr2027,1.0,langgraph_react_verification_only,5,5,toxictool_bench/results/verification_stress/numerical_iclr2027/p100/20260830-160635_langgraph_react_verification_only_claude-haiku-4-5-20251001_toxic_start5_limit5.jsonl
numerical_iclr2027,1.0,langgraph_react_verification_only,10,5,toxictool_bench/results/verification_stress/numerical_iclr2027/p100/20260830-161057_langgraph_react_verification_only_claude-haiku-4-5-20251001_toxic_start10_limit5.jsonl
numerical_iclr2027,1.0,langgraph_react_verification_only,15,5,toxictool_bench/results/verification_stress/numerical_iclr2027/p100/20260830-161417_langgraph_react_verification_only_claude-haiku-4-5-20251001_toxic_start15_limit5.jsonl
numerical_iclr2027,1.0,langgraph_react_verification_only,20,5,toxictool_bench/results/verification_stress/numerical_iclr2027/p100/20260830-161658_langgraph_react_verification_only_claude-haiku-4-5-20251001_toxic_start20_limit5.jsonl
numerical_iclr2027,1.0,langgraph_react_verification_only,25,5,toxictool_bench/results/verification_stress/numerical_iclr2027/p100/20260830-161941_langgraph_react_verification_only_claude-haiku-4-5-20251001_toxic_start25_limit5.jsonl
numerical_iclr2027,1.0,langgraph_react_verification_only,30,5,toxictool_bench/results/verification_stress/numerical_iclr2027/p100/20260830-162201_langgraph_react_verification_only_claude-haiku-4-5-20251001_toxic_start30_limit5.jsonl
numerical_iclr2027,1.0,langgraph_react_verification_only,35,5,toxictool_bench/results/verification_stress/numerical_iclr2027/p100/20260830-162505_langgraph_react_verification_only_claude-haiku-4-5-20251001_toxic_start35_limit5.jsonl
numerical_iclr2027,1.0,langgraph_react_verification_only,40,5,toxictool_bench/results/verification_stress/numerical_iclr2027/p100/20260830-162850_langgraph_react_verification_only_claude-haiku-4-5-20251001_toxic_start40_limit5.jsonl
numerical_iclr2027,1.0,langgraph_react_verification_only,45,5,toxictool_bench/results/verification_stress/numerical_iclr2027/p100/20260830-163218_langgraph_react_verification_only_claude-haiku-4-5-20251001_toxic_start45_limit5.jsonl
numerical_iclr2027,1.0,langgraph_react_verification_only,50,5,toxictool_bench/results/verification_stress/numerical_iclr2027/p100/20260830-163706_langgraph_react_verification_only_claude-haiku-4-5-20251001_toxic_start50_limit5.jsonl
numerical_iclr2027,1.0,langgraph_react_verification_only,55,5,toxictool_bench/results/verification_stress/numerical_iclr2027/p100/20260830-164114_langgraph_react_verification_only_claude-haiku-4-5-20251001_toxic_start55_limit5.jsonl
numerical_iclr2027,1.0,langgraph_react_double_pass,0,5,toxictool_bench/results/verification_stress/numerical_iclr2027/p100/20260830-164711_langgraph_react_double_pass_claude-haiku-4-5-20251001_toxic_start0_limit5.jsonl
numerical_iclr2027,1.0,langgraph_react_double_pass,5,5,toxictool_bench/results/verification_stress/numerical_iclr2027/p100/20260830-165108_langgraph_react_double_pass_claude-haiku-4-5-20251001_toxic_start5_limit5.jsonl
numerical_iclr2027,1.0,langgraph_react_double_pass,10,5,toxictool_bench/results/verification_stress/numerical_iclr2027/p100/20260830-165308_langgraph_react_double_pass_claude-haiku-4-5-20251001_toxic_start10_limit5.jsonl
numerical_iclr2027,1.0,langgraph_react_double_pass,15,5,toxictool_bench/results/verification_stress/numerical_iclr2027/p100/20260830-165526_langgraph_react_double_pass_claude-haiku-4-5-20251001_toxic_start15_limit5.jsonl
numerical_iclr2027,1.0,langgraph_react_double_pass,20,5,toxictool_bench/results/verification_stress/numerical_iclr2027/p100/20260830-165911_langgraph_react_double_pass_claude-haiku-4-5-20251001_toxic_start20_limit5.jsonl
numerical_iclr2027,1.0,langgraph_react_double_pass,25,5,toxictool_bench/results/verification_stress/numerical_iclr2027/p100/20260830-170242_langgraph_react_double_pass_claude-haiku-4-5-20251001_toxic_start25_limit5.jsonl
numerical_iclr2027,1.0,langgraph_react_double_pass,30,5,toxictool_bench/results/verification_stress/numerical_iclr2027/p100/20260830-170534_langgraph_react_double_pass_claude-haiku-4-5-20251001_toxic_start30_limit5.jsonl
numerical_iclr2027,1.0,langgraph_react_double_pass,35,5,toxictool_bench/results/verification_stress/numerical_iclr2027/p100/20260830-170832_langgraph_react_double_pass_claude-haiku-4-5-20251001_toxic_start35_limit5.jsonl
numerical_iclr2027,1.0,langgraph_react_double_pass,40,5,toxictool_bench/results/verification_stress/numerical_iclr2027/p100/20260830-171208_langgraph_react_double_pass_claude-haiku-4-5-20251001_toxic_start40_limit5.jsonl
numerical_iclr2027,1.0,langgraph_react_double_pass,45,5,toxictool_bench/results/verification_stress/numerical_iclr2027/p100/20260830-171600_langgraph_react_double_pass_claude-haiku-4-5-20251001_toxic_start45_limit5.jsonl
numerical_iclr2027,1.0,langgraph_react_double_pass,50,5,toxictool_bench/results/verification_stress/numerical_iclr2027/p100/20260830-171848_langgraph_react_double_pass_claude-haiku-4-5-20251001_toxic_start50_limit5.jsonl
numerical_iclr2027,1.0,langgraph_react_double_pass,55,5,toxictool_bench/results/verification_stress/numerical_iclr2027/p100/20260830-172406_langgraph_react_double_pass_claude-haiku-4-5-20251001_toxic_start55_limit5.jsonl
numerical_iclr2027,1.0,langgraph_react_guarded,0,5,toxictool_bench/results/verification_stress/numerical_iclr2027/p100/20260830-172840_langgraph_react_guarded_claude-haiku-4-5-20251001_toxic_start0_limit5.jsonl
numerical_iclr2027,1.0,langgraph_react_guarded,5,5,toxictool_bench/results/verification_stress/numerical_iclr2027/p100/20260830-173215_langgraph_react_guarded_claude-haiku-4-5-20251001_toxic_start5_limit5.jsonl
numerical_iclr2027,1.0,langgraph_react_guarded,10,5,toxictool_bench/results/verification_stress/numerical_iclr2027/p100/20260830-173547_langgraph_react_guarded_claude-haiku-4-5-20251001_toxic_start10_limit5.jsonl
numerical_iclr2027,1.0,langgraph_react_guarded,15,5,toxictool_bench/results/verification_stress/numerical_iclr2027/p100/20260830-173916_langgraph_react_guarded_claude-haiku-4-5-20251001_toxic_start15_limit5.jsonl
numerical_iclr2027,1.0,langgraph_react_guarded,20,5,toxictool_bench/results/verification_stress/numerical_iclr2027/p100/20260830-174318_langgraph_react_guarded_claude-haiku-4-5-20251001_toxic_start20_limit5.jsonl
numerical_iclr2027,1.0,langgraph_react_guarded,25,5,toxictool_bench/results/verification_stress/numerical_iclr2027/p100/20260830-174739_langgraph_react_guarded_claude-haiku-4-5-20251001_toxic_start25_limit5.jsonl
numerical_iclr2027,1.0,langgraph_react_guarded,30,5,toxictool_bench/results/verification_stress/numerical_iclr2027/p100/20260830-175040_langgraph_react_guarded_claude-haiku-4-5-20251001_toxic_start30_limit5.jsonl
numerical_iclr2027,1.0,langgraph_react_guarded,35,5,toxictool_bench/results/verification_stress/numerical_iclr2027/p100/20260830-175407_langgraph_react_guarded_claude-haiku-4-5-20251001_toxic_start35_limit5.jsonl
numerical_iclr2027,1.0,langgraph_react_guarded,40,5,toxictool_bench/results/verification_stress/numerical_iclr2027/p100/20260830-175913_langgraph_react_guarded_claude-haiku-4-5-20251001_toxic_start40_limit5.jsonl
numerical_iclr2027,1.0,langgraph_react_guarded,45,5,toxictool_bench/results/verification_stress/numerical_iclr2027/p100/20260830-180305_langgraph_react_guarded_claude-haiku-4-5-20251001_toxic_start45_limit5.jsonl
numerical_iclr2027,1.0,langgraph_react_guarded,50,5,toxictool_bench/results/verification_stress/numerical_iclr2027/p100/20260830-180811_langgraph_react_guarded_claude-haiku-4-5-20251001_toxic_start50_limit5.jsonl
numerical_iclr2027,1.0,langgraph_react_guarded,55,5,toxictool_bench/results/verification_stress/numerical_iclr2027/p100/20260830-181335_langgraph_react_guarded_claude-haiku-4-5-20251001_toxic_start55_limit5.jsonl
semantic_schema_iclr2027,0.25,langgraph_react_verification_only,0,5,toxictool_bench/results/verification_stress/semantic_schema_iclr2027/p025/20260830-154515_langgraph_react_verification_only_claude-haiku-4-5-20251001_toxic_start0_limit5.jsonl
semantic_schema_iclr2027,0.25,langgraph_react_verification_only,5,5,toxictool_bench/results/verification_stress/semantic_schema_iclr2027/p025/20260830-154724_langgraph_react_verification_only_claude-haiku-4-5-20251001_toxic_start5_limit5.jsonl
semantic_schema_iclr2027,0.25,langgraph_react_verification_only,10,5,toxictool_bench/results/verification_stress/semantic_schema_iclr2027/p025/20260830-155057_langgraph_react_verification_only_claude-haiku-4-5-20251001_toxic_start10_limit5.jsonl
semantic_schema_iclr2027,0.25,langgraph_react_verification_only,15,5,toxictool_bench/results/verification_stress/semantic_schema_iclr2027/p025/20260830-155337_langgraph_react_verification_only_claude-haiku-4-5-20251001_toxic_start15_limit5.jsonl
semantic_schema_iclr2027,0.25,langgraph_react_verification_only,20,5,toxictool_bench/results/verification_stress/semantic_schema_iclr2027/p025/20260830-155619_langgraph_react_verification_only_claude-haiku-4-5-20251001_toxic_start20_limit5.jsonl
semantic_schema_iclr2027,0.25,langgraph_react_verification_only,25,5,toxictool_bench/results/verification_stress/semantic_schema_iclr2027/p025/20260830-155943_langgraph_react_verification_only_claude-haiku-4-5-20251001_toxic_start25_limit5.jsonl
semantic_schema_iclr2027,0.25,langgraph_react_verification_only,30,5,toxictool_bench/results/verification_stress/semantic_schema_iclr2027/p025/20260830-160225_langgraph_react_verification_only_claude-haiku-4-5-20251001_toxic_start30_limit5.jsonl
semantic_schema_iclr2027,0.25,langgraph_react_verification_only,35,5,toxictool_bench/results/verification_stress/semantic_schema_iclr2027/p025/20260830-160600_langgraph_react_verification_only_claude-haiku-4-5-20251001_toxic_start35_limit5.jsonl
semantic_schema_iclr2027,0.25,langgraph_react_verification_only,40,5,toxictool_bench/results/verification_stress/semantic_schema_iclr2027/p025/20260830-161004_langgraph_react_verification_only_claude-haiku-4-5-20251001_toxic_start40_limit5.jsonl
semantic_schema_iclr2027,0.25,langgraph_react_verification_only,45,5,toxictool_bench/results/verification_stress/semantic_schema_iclr2027/p025/20260830-161440_langgraph_react_verification_only_claude-haiku-4-5-20251001_toxic_start45_limit5.jsonl
semantic_schema_iclr2027,0.25,langgraph_react_verification_only,50,5,toxictool_bench/results/verification_stress/semantic_schema_iclr2027/p025/20260830-161808_langgraph_react_verification_only_claude-haiku-4-5-20251001_toxic_start50_limit5.jsonl
semantic_schema_iclr2027,0.25,langgraph_react_verification_only,55,5,toxictool_bench/results/verification_stress/semantic_schema_iclr2027/p025/20260830-162205_langgraph_react_verification_only_claude-haiku-4-5-20251001_toxic_start55_limit5.jsonl
semantic_schema_iclr2027,0.25,langgraph_react_double_pass,0,5,toxictool_bench/results/verification_stress/semantic_schema_iclr2027/p025/20260830-162605_langgraph_react_double_pass_claude-haiku-4-5-20251001_toxic_start0_limit5.jsonl
semantic_schema_iclr2027,0.25,langgraph_react_double_pass,5,5,toxictool_bench/results/verification_stress/semantic_schema_iclr2027/p025/20260830-163009_langgraph_react_double_pass_claude-haiku-4-5-20251001_toxic_start5_limit5.jsonl
semantic_schema_iclr2027,0.25,langgraph_react_double_pass,10,5,toxictool_bench/results/verification_stress/semantic_schema_iclr2027/p025/20260830-163323_langgraph_react_double_pass_claude-haiku-4-5-20251001_toxic_start10_limit5.jsonl
semantic_schema_iclr2027,0.25,langgraph_react_double_pass,15,5,toxictool_bench/results/verification_stress/semantic_schema_iclr2027/p025/20260830-163726_langgraph_react_double_pass_claude-haiku-4-5-20251001_toxic_start15_limit5.jsonl
semantic_schema_iclr2027,0.25,langgraph_react_double_pass,20,5,toxictool_bench/results/verification_stress/semantic_schema_iclr2027/p025/20260830-164228_langgraph_react_double_pass_claude-haiku-4-5-20251001_toxic_start20_limit5.jsonl
semantic_schema_iclr2027,0.25,langgraph_react_double_pass,25,5,toxictool_bench/results/verification_stress/semantic_schema_iclr2027/p025/20260830-164527_langgraph_react_double_pass_claude-haiku-4-5-20251001_toxic_start25_limit5.jsonl
semantic_schema_iclr2027,0.25,langgraph_react_double_pass,30,5,toxictool_bench/results/verification_stress/semantic_schema_iclr2027/p025/20260830-164929_langgraph_react_double_pass_claude-haiku-4-5-20251001_toxic_start30_limit5.jsonl
semantic_schema_iclr2027,0.25,langgraph_react_double_pass,35,5,toxictool_bench/results/verification_stress/semantic_schema_iclr2027/p025/20260830-165437_langgraph_react_double_pass_claude-haiku-4-5-20251001_toxic_start35_limit5.jsonl
semantic_schema_iclr2027,0.25,langgraph_react_double_pass,40,5,toxictool_bench/results/verification_stress/semantic_schema_iclr2027/p025/20260830-165902_langgraph_react_double_pass_claude-haiku-4-5-20251001_toxic_start40_limit5.jsonl
semantic_schema_iclr2027,0.25,langgraph_react_double_pass,45,5,toxictool_bench/results/verification_stress/semantic_schema_iclr2027/p025/20260830-170421_langgraph_react_double_pass_claude-haiku-4-5-20251001_toxic_start45_limit5.jsonl
semantic_schema_iclr2027,0.25,langgraph_react_double_pass,50,5,toxictool_bench/results/verification_stress/semantic_schema_iclr2027/p025/20260830-170837_langgraph_react_double_pass_claude-haiku-4-5-20251001_toxic_start50_limit5.jsonl
semantic_schema_iclr2027,0.25,langgraph_react_double_pass,55,5,toxictool_bench/results/verification_stress/semantic_schema_iclr2027/p025/20260830-171329_langgraph_react_double_pass_claude-haiku-4-5-20251001_toxic_start55_limit5.jsonl
semantic_schema_iclr2027,0.25,langgraph_react_guarded,0,5,toxictool_bench/results/verification_stress/semantic_schema_iclr2027/p025/20260830-171740_langgraph_react_guarded_claude-haiku-4-5-20251001_toxic_start0_limit5.jsonl
semantic_schema_iclr2027,0.25,langgraph_react_guarded,5,5,toxictool_bench/results/verification_stress/semantic_schema_iclr2027/p025/20260830-172138_langgraph_react_guarded_claude-haiku-4-5-20251001_toxic_start5_limit5.jsonl
semantic_schema_iclr2027,0.25,langgraph_react_guarded,10,5,toxictool_bench/results/verification_stress/semantic_schema_iclr2027/p025/20260830-172514_langgraph_react_guarded_claude-haiku-4-5-20251001_toxic_start10_limit5.jsonl
semantic_schema_iclr2027,0.25,langgraph_react_guarded,15,5,toxictool_bench/results/verification_stress/semantic_schema_iclr2027/p025/20260830-172904_langgraph_react_guarded_claude-haiku-4-5-20251001_toxic_start15_limit5.jsonl
semantic_schema_iclr2027,0.25,langgraph_react_guarded,20,5,toxictool_bench/results/verification_stress/semantic_schema_iclr2027/p025/20260830-173411_langgraph_react_guarded_claude-haiku-4-5-20251001_toxic_start20_limit5.jsonl
semantic_schema_iclr2027,0.25,langgraph_react_guarded,25,5,toxictool_bench/results/verification_stress/semantic_schema_iclr2027/p025/20260830-173753_langgraph_react_guarded_claude-haiku-4-5-20251001_toxic_start25_limit5.jsonl
semantic_schema_iclr2027,0.25,langgraph_react_guarded,30,5,toxictool_bench/results/verification_stress/semantic_schema_iclr2027/p025/20260830-174248_langgraph_react_guarded_claude-haiku-4-5-20251001_toxic_start30_limit5.jsonl
semantic_schema_iclr2027,0.25,langgraph_react_guarded,35,5,toxictool_bench/results/verification_stress/semantic_schema_iclr2027/p025/20260830-174646_langgraph_react_guarded_claude-haiku-4-5-20251001_toxic_start35_limit5.jsonl
semantic_schema_iclr2027,0.25,langgraph_react_guarded,40,5,toxictool_bench/results/verification_stress/semantic_schema_iclr2027/p025/20260830-174958_langgraph_react_guarded_claude-haiku-4-5-20251001_toxic_start40_limit5.jsonl
semantic_schema_iclr2027,0.25,langgraph_react_guarded,45,5,toxictool_bench/results/verification_stress/semantic_schema_iclr2027/p025/20260830-175338_langgraph_react_guarded_claude-haiku-4-5-20251001_toxic_start45_limit5.jsonl
semantic_schema_iclr2027,0.25,langgraph_react_guarded,50,5,toxictool_bench/results/verification_stress/semantic_schema_iclr2027/p025/20260830-175835_langgraph_react_guarded_claude-haiku-4-5-20251001_toxic_start50_limit5.jsonl
semantic_schema_iclr2027,0.25,langgraph_react_guarded,55,5,toxictool_bench/results/verification_stress/semantic_schema_iclr2027/p025/20260830-180216_langgraph_react_guarded_claude-haiku-4-5-20251001_toxic_start55_limit5.jsonl
semantic_schema_iclr2027,0.5,langgraph_react_verification_only,0,5,toxictool_bench/results/verification_stress/semantic_schema_iclr2027/p050/20260830-180730_langgraph_react_verification_only_claude-haiku-4-5-20251001_toxic_start0_limit5.jsonl
semantic_schema_iclr2027,0.5,langgraph_react_verification_only,5,5,toxictool_bench/results/verification_stress/semantic_schema_iclr2027/p050/20260830-181143_langgraph_react_verification_only_claude-haiku-4-5-20251001_toxic_start5_limit5.jsonl
semantic_schema_iclr2027,0.5,langgraph_react_verification_only,10,5,toxictool_bench/results/verification_stress/semantic_schema_iclr2027/p050/20260830-181600_langgraph_react_verification_only_claude-haiku-4-5-20251001_toxic_start10_limit5.jsonl
semantic_schema_iclr2027,0.5,langgraph_react_verification_only,15,5,toxictool_bench/results/verification_stress/semantic_schema_iclr2027/p050/20260830-181845_langgraph_react_verification_only_claude-haiku-4-5-20251001_toxic_start15_limit5.jsonl
semantic_schema_iclr2027,0.5,langgraph_react_verification_only,20,5,toxictool_bench/results/verification_stress/semantic_schema_iclr2027/p050/20260830-182144_langgraph_react_verification_only_claude-haiku-4-5-20251001_toxic_start20_limit5.jsonl
semantic_schema_iclr2027,0.5,langgraph_react_verification_only,25,5,toxictool_bench/results/verification_stress/semantic_schema_iclr2027/p050/20260830-182529_langgraph_react_verification_only_claude-haiku-4-5-20251001_toxic_start25_limit5.jsonl
semantic_schema_iclr2027,0.5,langgraph_react_verification_only,30,5,toxictool_bench/results/verification_stress/semantic_schema_iclr2027/p050/20260830-182755_langgraph_react_verification_only_claude-haiku-4-5-20251001_toxic_start30_limit5.jsonl
semantic_schema_iclr2027,0.5,langgraph_react_verification_only,35,5,toxictool_bench/results/verification_stress/semantic_schema_iclr2027/p050/20260830-183547_langgraph_react_verification_only_claude-haiku-4-5-20251001_toxic_start35_limit5.jsonl
semantic_schema_iclr2027,0.5,langgraph_react_verification_only,40,5,toxictool_bench/results/verification_stress/semantic_schema_iclr2027/p050/20260830-183926_langgraph_react_verification_only_claude-haiku-4-5-20251001_toxic_start40_limit5.jsonl
semantic_schema_iclr2027,0.5,langgraph_react_verification_only,45,5,toxictool_bench/results/verification_stress/semantic_schema_iclr2027/p050/20260830-184612_langgraph_react_verification_only_claude-haiku-4-5-20251001_toxic_start45_limit5.jsonl
semantic_schema_iclr2027,0.5,langgraph_react_verification_only,50,5,toxictool_bench/results/verification_stress/semantic_schema_iclr2027/p050/20260830-185020_langgraph_react_verification_only_claude-haiku-4-5-20251001_toxic_start50_limit5.jsonl
semantic_schema_iclr2027,0.5,langgraph_react_verification_only,55,5,toxictool_bench/results/verification_stress/semantic_schema_iclr2027/p050/20260830-185405_langgraph_react_verification_only_claude-haiku-4-5-20251001_toxic_start55_limit5.jsonl
semantic_schema_iclr2027,0.5,langgraph_react_double_pass,0,5,toxictool_bench/results/verification_stress/semantic_schema_iclr2027/p050/20260830-185839_langgraph_react_double_pass_claude-haiku-4-5-20251001_toxic_start0_limit5.jsonl
semantic_schema_iclr2027,0.5,langgraph_react_double_pass,5,5,toxictool_bench/results/verification_stress/semantic_schema_iclr2027/p050/20260830-190208_langgraph_react_double_pass_claude-haiku-4-5-20251001_toxic_start5_limit5.jsonl
semantic_schema_iclr2027,0.5,langgraph_react_double_pass,10,5,toxictool_bench/results/verification_stress/semantic_schema_iclr2027/p050/20260830-190549_langgraph_react_double_pass_claude-haiku-4-5-20251001_toxic_start10_limit5.jsonl
semantic_schema_iclr2027,0.5,langgraph_react_double_pass,15,5,toxictool_bench/results/verification_stress/semantic_schema_iclr2027/p050/20260830-191015_langgraph_react_double_pass_claude-haiku-4-5-20251001_toxic_start15_limit5.jsonl
semantic_schema_iclr2027,0.5,langgraph_react_double_pass,20,5,toxictool_bench/results/verification_stress/semantic_schema_iclr2027/p050/20260830-191437_langgraph_react_double_pass_claude-haiku-4-5-20251001_toxic_start20_limit5.jsonl
semantic_schema_iclr2027,0.5,langgraph_react_double_pass,25,5,toxictool_bench/results/verification_stress/semantic_schema_iclr2027/p050/20260830-191850_langgraph_react_double_pass_claude-haiku-4-5-20251001_toxic_start25_limit5.jsonl
semantic_schema_iclr2027,0.5,langgraph_react_double_pass,30,5,toxictool_bench/results/verification_stress/semantic_schema_iclr2027/p050/20260830-192313_langgraph_react_double_pass_claude-haiku-4-5-20251001_toxic_start30_limit5.jsonl
semantic_schema_iclr2027,0.5,langgraph_react_double_pass,35,5,toxictool_bench/results/verification_stress/semantic_schema_iclr2027/p050/20260830-192749_langgraph_react_double_pass_claude-haiku-4-5-20251001_toxic_start35_limit5.jsonl
semantic_schema_iclr2027,0.5,langgraph_react_double_pass,40,5,toxictool_bench/results/verification_stress/semantic_schema_iclr2027/p050/20260830-193251_langgraph_react_double_pass_claude-haiku-4-5-20251001_toxic_start40_limit5.jsonl
semantic_schema_iclr2027,0.5,langgraph_react_double_pass,45,5,toxictool_bench/results/verification_stress/semantic_schema_iclr2027/p050/20260830-193717_langgraph_react_double_pass_claude-haiku-4-5-20251001_toxic_start45_limit5.jsonl
semantic_schema_iclr2027,0.5,langgraph_react_double_pass,50,5,toxictool_bench/results/verification_stress/semantic_schema_iclr2027/p050/20260830-194206_langgraph_react_double_pass_claude-haiku-4-5-20251001_toxic_start50_limit5.jsonl
semantic_schema_iclr2027,0.5,langgraph_react_double_pass,55,5,toxictool_bench/results/verification_stress/semantic_schema_iclr2027/p050/20260830-194616_langgraph_react_double_pass_claude-haiku-4-5-20251001_toxic_start55_limit5.jsonl
semantic_schema_iclr2027,0.5,langgraph_react_guarded,0,5,toxictool_bench/results/verification_stress/semantic_schema_iclr2027/p050/20260830-195020_langgraph_react_guarded_claude-haiku-4-5-20251001_toxic_start0_limit5.jsonl
semantic_schema_iclr2027,0.5,langgraph_react_guarded,5,5,toxictool_bench/results/verification_stress/semantic_schema_iclr2027/p050/20260830-195314_langgraph_react_guarded_claude-haiku-4-5-20251001_toxic_start5_limit5.jsonl
semantic_schema_iclr2027,0.5,langgraph_react_guarded,10,5,toxictool_bench/results/verification_stress/semantic_schema_iclr2027/p050/20260830-195738_langgraph_react_guarded_claude-haiku-4-5-20251001_toxic_start10_limit5.jsonl
semantic_schema_iclr2027,0.5,langgraph_react_guarded,15,5,toxictool_bench/results/verification_stress/semantic_schema_iclr2027/p050/20260830-200028_langgraph_react_guarded_claude-haiku-4-5-20251001_toxic_start15_limit5.jsonl
semantic_schema_iclr2027,0.5,langgraph_react_guarded,20,5,toxictool_bench/results/verification_stress/semantic_schema_iclr2027/p050/20260830-200819_langgraph_react_guarded_claude-haiku-4-5-20251001_toxic_start20_limit5.jsonl
semantic_schema_iclr2027,0.5,langgraph_react_guarded,25,5,toxictool_bench/results/verification_stress/semantic_schema_iclr2027/p050/20260830-201304_langgraph_react_guarded_claude-haiku-4-5-20251001_toxic_start25_limit5.jsonl
semantic_schema_iclr2027,0.5,langgraph_react_guarded,30,5,toxictool_bench/results/verification_stress/semantic_schema_iclr2027/p050/20260830-201623_langgraph_react_guarded_claude-haiku-4-5-20251001_toxic_start30_limit5.jsonl
semantic_schema_iclr2027,0.5,langgraph_react_guarded,35,5,toxictool_bench/results/verification_stress/semantic_schema_iclr2027/p050/20260830-202139_langgraph_react_guarded_claude-haiku-4-5-20251001_toxic_start35_limit5.jsonl
semantic_schema_iclr2027,0.5,langgraph_react_guarded,40,5,toxictool_bench/results/verification_stress/semantic_schema_iclr2027/p050/20260830-202505_langgraph_react_guarded_claude-haiku-4-5-20251001_toxic_start40_limit5.jsonl
semantic_schema_iclr2027,0.5,langgraph_react_guarded,45,5,toxictool_bench/results/verification_stress/semantic_schema_iclr2027/p050/20260830-202951_langgraph_react_guarded_claude-haiku-4-5-20251001_toxic_start45_limit5.jsonl
semantic_schema_iclr2027,0.5,langgraph_react_guarded,50,5,toxictool_bench/results/verification_stress/semantic_schema_iclr2027/p050/20260830-203339_langgraph_react_guarded_claude-haiku-4-5-20251001_toxic_start50_limit5.jsonl
semantic_schema_iclr2027,0.5,langgraph_react_guarded,55,5,toxictool_bench/results/verification_stress/semantic_schema_iclr2027/p050/20260830-203801_langgraph_react_guarded_claude-haiku-4-5-20251001_toxic_start55_limit5.jsonl
semantic_schema_iclr2027,0.75,langgraph_react_verification_only,0,5,toxictool_bench/results/verification_stress/semantic_schema_iclr2027/p075/20260830-183216_langgraph_react_verification_only_claude-haiku-4-5-20251001_toxic_start0_limit5.jsonl
semantic_schema_iclr2027,0.75,langgraph_react_verification_only,5,5,toxictool_bench/results/verification_stress/semantic_schema_iclr2027/p075/20260830-183430_langgraph_react_verification_only_claude-haiku-4-5-20251001_toxic_start5_limit5.jsonl
semantic_schema_iclr2027,0.75,langgraph_react_verification_only,10,5,toxictool_bench/results/verification_stress/semantic_schema_iclr2027/p075/20260830-183818_langgraph_react_verification_only_claude-haiku-4-5-20251001_toxic_start10_limit5.jsonl
semantic_schema_iclr2027,0.75,langgraph_react_verification_only,15,5,toxictool_bench/results/verification_stress/semantic_schema_iclr2027/p075/20260830-184238_langgraph_react_verification_only_claude-haiku-4-5-20251001_toxic_start15_limit5.jsonl
semantic_schema_iclr2027,0.75,langgraph_react_verification_only,20,5,toxictool_bench/results/verification_stress/semantic_schema_iclr2027/p075/20260830-184639_langgraph_react_verification_only_claude-haiku-4-5-20251001_toxic_start20_limit5.jsonl
semantic_schema_iclr2027,0.75,langgraph_react_verification_only,25,5,toxictool_bench/results/verification_stress/semantic_schema_iclr2027/p075/20260830-185030_langgraph_react_verification_only_claude-haiku-4-5-20251001_toxic_start25_limit5.jsonl
semantic_schema_iclr2027,0.75,langgraph_react_verification_only,30,5,toxictool_bench/results/verification_stress/semantic_schema_iclr2027/p075/20260830-185402_langgraph_react_verification_only_claude-haiku-4-5-20251001_toxic_start30_limit5.jsonl
semantic_schema_iclr2027,0.75,langgraph_react_verification_only,35,5,toxictool_bench/results/verification_stress/semantic_schema_iclr2027/p075/20260830-185930_langgraph_react_verification_only_claude-haiku-4-5-20251001_toxic_start35_limit5.jsonl
semantic_schema_iclr2027,0.75,langgraph_react_verification_only,40,5,toxictool_bench/results/verification_stress/semantic_schema_iclr2027/p075/20260830-190348_langgraph_react_verification_only_claude-haiku-4-5-20251001_toxic_start40_limit5.jsonl
semantic_schema_iclr2027,0.75,langgraph_react_verification_only,45,5,toxictool_bench/results/verification_stress/semantic_schema_iclr2027/p075/20260830-190747_langgraph_react_verification_only_claude-haiku-4-5-20251001_toxic_start45_limit5.jsonl
semantic_schema_iclr2027,0.75,langgraph_react_verification_only,50,5,toxictool_bench/results/verification_stress/semantic_schema_iclr2027/p075/20260830-191426_langgraph_react_verification_only_claude-haiku-4-5-20251001_toxic_start50_limit5.jsonl
semantic_schema_iclr2027,0.75,langgraph_react_verification_only,55,5,toxictool_bench/results/verification_stress/semantic_schema_iclr2027/p075/20260830-191840_langgraph_react_verification_only_claude-haiku-4-5-20251001_toxic_start55_limit5.jsonl
semantic_schema_iclr2027,0.75,langgraph_react_double_pass,0,5,toxictool_bench/results/verification_stress/semantic_schema_iclr2027/p075/20260830-192345_langgraph_react_double_pass_claude-haiku-4-5-20251001_toxic_start0_limit5.jsonl
semantic_schema_iclr2027,0.75,langgraph_react_double_pass,5,5,toxictool_bench/results/verification_stress/semantic_schema_iclr2027/p075/20260830-192738_langgraph_react_double_pass_claude-haiku-4-5-20251001_toxic_start5_limit5.jsonl
semantic_schema_iclr2027,0.75,langgraph_react_double_pass,10,5,toxictool_bench/results/verification_stress/semantic_schema_iclr2027/p075/20260830-193125_langgraph_react_double_pass_claude-haiku-4-5-20251001_toxic_start10_limit5.jsonl
semantic_schema_iclr2027,0.75,langgraph_react_double_pass,15,5,toxictool_bench/results/verification_stress/semantic_schema_iclr2027/p075/20260830-193348_langgraph_react_double_pass_claude-haiku-4-5-20251001_toxic_start15_limit5.jsonl
semantic_schema_iclr2027,0.75,langgraph_react_double_pass,20,5,toxictool_bench/results/verification_stress/semantic_schema_iclr2027/p075/20260830-193737_langgraph_react_double_pass_claude-haiku-4-5-20251001_toxic_start20_limit5.jsonl
semantic_schema_iclr2027,0.75,langgraph_react_double_pass,25,5,toxictool_bench/results/verification_stress/semantic_schema_iclr2027/p075/20260830-194250_langgraph_react_double_pass_claude-haiku-4-5-20251001_toxic_start25_limit5.jsonl
semantic_schema_iclr2027,0.75,langgraph_react_double_pass,30,5,toxictool_bench/results/verification_stress/semantic_schema_iclr2027/p075/20260830-194740_langgraph_react_double_pass_claude-haiku-4-5-20251001_toxic_start30_limit5.jsonl
semantic_schema_iclr2027,0.75,langgraph_react_double_pass,35,5,toxictool_bench/results/verification_stress/semantic_schema_iclr2027/p075/20260830-195212_langgraph_react_double_pass_claude-haiku-4-5-20251001_toxic_start35_limit5.jsonl
semantic_schema_iclr2027,0.75,langgraph_react_double_pass,40,5,toxictool_bench/results/verification_stress/semantic_schema_iclr2027/p075/20260830-195601_langgraph_react_double_pass_claude-haiku-4-5-20251001_toxic_start40_limit5.jsonl
semantic_schema_iclr2027,0.75,langgraph_react_double_pass,45,5,toxictool_bench/results/verification_stress/semantic_schema_iclr2027/p075/20260830-200024_langgraph_react_double_pass_claude-haiku-4-5-20251001_toxic_start45_limit5.jsonl
semantic_schema_iclr2027,0.75,langgraph_react_double_pass,50,5,toxictool_bench/results/verification_stress/semantic_schema_iclr2027/p075/20260830-200448_langgraph_react_double_pass_claude-haiku-4-5-20251001_toxic_start50_limit5.jsonl
semantic_schema_iclr2027,0.75,langgraph_react_double_pass,55,5,toxictool_bench/results/verification_stress/semantic_schema_iclr2027/p075/20260830-200901_langgraph_react_double_pass_claude-haiku-4-5-20251001_toxic_start55_limit5.jsonl
semantic_schema_iclr2027,0.75,langgraph_react_guarded,0,5,toxictool_bench/results/verification_stress/semantic_schema_iclr2027/p075/20260830-201407_langgraph_react_guarded_claude-haiku-4-5-20251001_toxic_start0_limit5.jsonl
semantic_schema_iclr2027,0.75,langgraph_react_guarded,5,5,toxictool_bench/results/verification_stress/semantic_schema_iclr2027/p075/20260830-201800_langgraph_react_guarded_claude-haiku-4-5-20251001_toxic_start5_limit5.jsonl
semantic_schema_iclr2027,0.75,langgraph_react_guarded,10,5,toxictool_bench/results/verification_stress/semantic_schema_iclr2027/p075/20260830-202044_langgraph_react_guarded_claude-haiku-4-5-20251001_toxic_start10_limit5.jsonl
semantic_schema_iclr2027,0.75,langgraph_react_guarded,15,5,toxictool_bench/results/verification_stress/semantic_schema_iclr2027/p075/20260830-202434_langgraph_react_guarded_claude-haiku-4-5-20251001_toxic_start15_limit5.jsonl
semantic_schema_iclr2027,0.75,langgraph_react_guarded,20,5,toxictool_bench/results/verification_stress/semantic_schema_iclr2027/p075/20260830-202927_langgraph_react_guarded_claude-haiku-4-5-20251001_toxic_start20_limit5.jsonl
semantic_schema_iclr2027,0.75,langgraph_react_guarded,25,5,toxictool_bench/results/verification_stress/semantic_schema_iclr2027/p075/20260830-203336_langgraph_react_guarded_claude-haiku-4-5-20251001_toxic_start25_limit5.jsonl
semantic_schema_iclr2027,0.75,langgraph_react_guarded,30,5,toxictool_bench/results/verification_stress/semantic_schema_iclr2027/p075/20260830-203806_langgraph_react_guarded_claude-haiku-4-5-20251001_toxic_start30_limit5.jsonl
semantic_schema_iclr2027,0.75,langgraph_react_guarded,35,5,toxictool_bench/results/verification_stress/semantic_schema_iclr2027/p075/20260830-204127_langgraph_react_guarded_claude-haiku-4-5-20251001_toxic_start35_limit5.jsonl
semantic_schema_iclr2027,0.75,langgraph_react_guarded,40,5,toxictool_bench/results/verification_stress/semantic_schema_iclr2027/p075/20260830-204629_langgraph_react_guarded_claude-haiku-4-5-20251001_toxic_start40_limit5.jsonl
semantic_schema_iclr2027,0.75,langgraph_react_guarded,45,5,toxictool_bench/results/verification_stress/semantic_schema_iclr2027/p075/20260830-205014_langgraph_react_guarded_claude-haiku-4-5-20251001_toxic_start45_limit5.jsonl
semantic_schema_iclr2027,0.75,langgraph_react_guarded,50,5,toxictool_bench/results/verification_stress/semantic_schema_iclr2027/p075/20260830-205332_langgraph_react_guarded_claude-haiku-4-5-20251001_toxic_start50_limit5.jsonl
semantic_schema_iclr2027,0.75,langgraph_react_guarded,55,5,toxictool_bench/results/verification_stress/semantic_schema_iclr2027/p075/20260830-205650_langgraph_react_guarded_claude-haiku-4-5-20251001_toxic_start55_limit5.jsonl
semantic_schema_iclr2027,1.0,langgraph_react_verification_only,0,5,toxictool_bench/results/verification_stress/semantic_schema_iclr2027/p100/20260830-160327_langgraph_react_verification_only_claude-haiku-4-5-20251001_toxic_start0_limit5.jsonl
semantic_schema_iclr2027,1.0,langgraph_react_verification_only,5,5,toxictool_bench/results/verification_stress/semantic_schema_iclr2027/p100/20260830-160711_langgraph_react_verification_only_claude-haiku-4-5-20251001_toxic_start5_limit5.jsonl
semantic_schema_iclr2027,1.0,langgraph_react_verification_only,10,5,toxictool_bench/results/verification_stress/semantic_schema_iclr2027/p100/20260830-161041_langgraph_react_verification_only_claude-haiku-4-5-20251001_toxic_start10_limit5.jsonl
semantic_schema_iclr2027,1.0,langgraph_react_verification_only,15,5,toxictool_bench/results/verification_stress/semantic_schema_iclr2027/p100/20260830-161313_langgraph_react_verification_only_claude-haiku-4-5-20251001_toxic_start15_limit5.jsonl
semantic_schema_iclr2027,1.0,langgraph_react_verification_only,20,5,toxictool_bench/results/verification_stress/semantic_schema_iclr2027/p100/20260830-161740_langgraph_react_verification_only_claude-haiku-4-5-20251001_toxic_start20_limit5.jsonl
semantic_schema_iclr2027,1.0,langgraph_react_verification_only,25,5,toxictool_bench/results/verification_stress/semantic_schema_iclr2027/p100/20260830-162137_langgraph_react_verification_only_claude-haiku-4-5-20251001_toxic_start25_limit5.jsonl
semantic_schema_iclr2027,1.0,langgraph_react_verification_only,30,5,toxictool_bench/results/verification_stress/semantic_schema_iclr2027/p100/20260830-162433_langgraph_react_verification_only_claude-haiku-4-5-20251001_toxic_start30_limit5.jsonl
semantic_schema_iclr2027,1.0,langgraph_react_verification_only,35,5,toxictool_bench/results/verification_stress/semantic_schema_iclr2027/p100/20260830-162840_langgraph_react_verification_only_claude-haiku-4-5-20251001_toxic_start35_limit5.jsonl
semantic_schema_iclr2027,1.0,langgraph_react_verification_only,40,5,toxictool_bench/results/verification_stress/semantic_schema_iclr2027/p100/20260830-163224_langgraph_react_verification_only_claude-haiku-4-5-20251001_toxic_start40_limit5.jsonl
semantic_schema_iclr2027,1.0,langgraph_react_verification_only,45,5,toxictool_bench/results/verification_stress/semantic_schema_iclr2027/p100/20260830-163605_langgraph_react_verification_only_claude-haiku-4-5-20251001_toxic_start45_limit5.jsonl
semantic_schema_iclr2027,1.0,langgraph_react_verification_only,50,5,toxictool_bench/results/verification_stress/semantic_schema_iclr2027/p100/20260830-164132_langgraph_react_verification_only_claude-haiku-4-5-20251001_toxic_start50_limit5.jsonl
semantic_schema_iclr2027,1.0,langgraph_react_verification_only,55,5,toxictool_bench/results/verification_stress/semantic_schema_iclr2027/p100/20260830-164446_langgraph_react_verification_only_claude-haiku-4-5-20251001_toxic_start55_limit5.jsonl
semantic_schema_iclr2027,1.0,langgraph_react_double_pass,0,5,toxictool_bench/results/verification_stress/semantic_schema_iclr2027/p100/20260830-164947_langgraph_react_double_pass_claude-haiku-4-5-20251001_toxic_start0_limit5.jsonl
semantic_schema_iclr2027,1.0,langgraph_react_double_pass,5,5,toxictool_bench/results/verification_stress/semantic_schema_iclr2027/p100/20260830-165150_langgraph_react_double_pass_claude-haiku-4-5-20251001_toxic_start5_limit5.jsonl
semantic_schema_iclr2027,1.0,langgraph_react_double_pass,10,5,toxictool_bench/results/verification_stress/semantic_schema_iclr2027/p100/20260830-165621_langgraph_react_double_pass_claude-haiku-4-5-20251001_toxic_start10_limit5.jsonl
semantic_schema_iclr2027,1.0,langgraph_react_double_pass,15,5,toxictool_bench/results/verification_stress/semantic_schema_iclr2027/p100/20260830-170029_langgraph_react_double_pass_claude-haiku-4-5-20251001_toxic_start15_limit5.jsonl
semantic_schema_iclr2027,1.0,langgraph_react_double_pass,20,5,toxictool_bench/results/verification_stress/semantic_schema_iclr2027/p100/20260830-170354_langgraph_react_double_pass_claude-haiku-4-5-20251001_toxic_start20_limit5.jsonl
semantic_schema_iclr2027,1.0,langgraph_react_double_pass,25,5,toxictool_bench/results/verification_stress/semantic_schema_iclr2027/p100/20260830-170816_langgraph_react_double_pass_claude-haiku-4-5-20251001_toxic_start25_limit5.jsonl
semantic_schema_iclr2027,1.0,langgraph_react_double_pass,30,5,toxictool_bench/results/verification_stress/semantic_schema_iclr2027/p100/20260830-171224_langgraph_react_double_pass_claude-haiku-4-5-20251001_toxic_start30_limit5.jsonl
semantic_schema_iclr2027,1.0,langgraph_react_double_pass,35,5,toxictool_bench/results/verification_stress/semantic_schema_iclr2027/p100/20260830-171616_langgraph_react_double_pass_claude-haiku-4-5-20251001_toxic_start35_limit5.jsonl
semantic_schema_iclr2027,1.0,langgraph_react_double_pass,40,5,toxictool_bench/results/verification_stress/semantic_schema_iclr2027/p100/20260830-172026_langgraph_react_double_pass_claude-haiku-4-5-20251001_toxic_start40_limit5.jsonl
semantic_schema_iclr2027,1.0,langgraph_react_double_pass,45,5,toxictool_bench/results/verification_stress/semantic_schema_iclr2027/p100/20260830-172606_langgraph_react_double_pass_claude-haiku-4-5-20251001_toxic_start45_limit5.jsonl
semantic_schema_iclr2027,1.0,langgraph_react_double_pass,50,5,toxictool_bench/results/verification_stress/semantic_schema_iclr2027/p100/20260830-173031_langgraph_react_double_pass_claude-haiku-4-5-20251001_toxic_start50_limit5.jsonl
semantic_schema_iclr2027,1.0,langgraph_react_double_pass,55,5,toxictool_bench/results/verification_stress/semantic_schema_iclr2027/p100/20260830-173557_langgraph_react_double_pass_claude-haiku-4-5-20251001_toxic_start55_limit5.jsonl
semantic_schema_iclr2027,1.0,langgraph_react_guarded,0,5,toxictool_bench/results/verification_stress/semantic_schema_iclr2027/p100/20260830-174057_langgraph_react_guarded_claude-haiku-4-5-20251001_toxic_start0_limit5.jsonl
semantic_schema_iclr2027,1.0,langgraph_react_guarded,5,5,toxictool_bench/results/verification_stress/semantic_schema_iclr2027/p100/20260830-174457_langgraph_react_guarded_claude-haiku-4-5-20251001_toxic_start5_limit5.jsonl
semantic_schema_iclr2027,1.0,langgraph_react_guarded,10,5,toxictool_bench/results/verification_stress/semantic_schema_iclr2027/p100/20260830-174901_langgraph_react_guarded_claude-haiku-4-5-20251001_toxic_start10_limit5.jsonl
semantic_schema_iclr2027,1.0,langgraph_react_guarded,15,5,toxictool_bench/results/verification_stress/semantic_schema_iclr2027/p100/20260830-175246_langgraph_react_guarded_claude-haiku-4-5-20251001_toxic_start15_limit5.jsonl
semantic_schema_iclr2027,1.0,langgraph_react_guarded,20,5,toxictool_bench/results/verification_stress/semantic_schema_iclr2027/p100/20260830-175622_langgraph_react_guarded_claude-haiku-4-5-20251001_toxic_start20_limit5.jsonl
semantic_schema_iclr2027,1.0,langgraph_react_guarded,25,5,toxictool_bench/results/verification_stress/semantic_schema_iclr2027/p100/20260830-180055_langgraph_react_guarded_claude-haiku-4-5-20251001_toxic_start25_limit5.jsonl
semantic_schema_iclr2027,1.0,langgraph_react_guarded,30,5,toxictool_bench/results/verification_stress/semantic_schema_iclr2027/p100/20260830-180518_langgraph_react_guarded_claude-haiku-4-5-20251001_toxic_start30_limit5.jsonl
semantic_schema_iclr2027,1.0,langgraph_react_guarded,35,5,toxictool_bench/results/verification_stress/semantic_schema_iclr2027/p100/20260830-180940_langgraph_react_guarded_claude-haiku-4-5-20251001_toxic_start35_limit5.jsonl
semantic_schema_iclr2027,1.0,langgraph_react_guarded,40,5,toxictool_bench/results/verification_stress/semantic_schema_iclr2027/p100/20260830-181653_langgraph_react_guarded_claude-haiku-4-5-20251001_toxic_start40_limit5.jsonl
semantic_schema_iclr2027,1.0,langgraph_react_guarded,45,5,toxictool_bench/results/verification_stress/semantic_schema_iclr2027/p100/20260830-182134_langgraph_react_guarded_claude-haiku-4-5-20251001_toxic_start45_limit5.jsonl
semantic_schema_iclr2027,1.0,langgraph_react_guarded,50,5,toxictool_bench/results/verification_stress/semantic_schema_iclr2027/p100/20260830-182514_langgraph_react_guarded_claude-haiku-4-5-20251001_toxic_start50_limit5.jsonl
semantic_schema_iclr2027,1.0,langgraph_react_guarded,55,5,toxictool_bench/results/verification_stress/semantic_schema_iclr2027/p100/20260830-182822_langgraph_react_guarded_claude-haiku-4-5-20251001_toxic_start55_limit5.jsonl
realistic_extension_iclr2027,0.25,langgraph_react_verification_only,0,5,toxictool_bench/results/verification_stress/realistic_extension_iclr2027/p025/20260830-205930_langgraph_react_verification_only_claude-haiku-4-5-20251001_toxic_start0_limit5.jsonl
realistic_extension_iclr2027,0.25,langgraph_react_verification_only,5,5,toxictool_bench/results/verification_stress/realistic_extension_iclr2027/p025/20260830-210216_langgraph_react_verification_only_claude-haiku-4-5-20251001_toxic_start5_limit5.jsonl
realistic_extension_iclr2027,0.25,langgraph_react_verification_only,10,3,toxictool_bench/results/verification_stress/realistic_extension_iclr2027/p025/20260830-210543_langgraph_react_verification_only_claude-haiku-4-5-20251001_toxic_start10_limit3.jsonl
realistic_extension_iclr2027,0.25,langgraph_react_double_pass,0,5,toxictool_bench/results/verification_stress/realistic_extension_iclr2027/p025/20260830-210805_langgraph_react_double_pass_claude-haiku-4-5-20251001_toxic_start0_limit5.jsonl
realistic_extension_iclr2027,0.25,langgraph_react_double_pass,5,5,toxictool_bench/results/verification_stress/realistic_extension_iclr2027/p025/20260830-211155_langgraph_react_double_pass_claude-haiku-4-5-20251001_toxic_start5_limit5.jsonl
realistic_extension_iclr2027,0.25,langgraph_react_double_pass,10,3,toxictool_bench/results/verification_stress/realistic_extension_iclr2027/p025/20260830-211713_langgraph_react_double_pass_claude-haiku-4-5-20251001_toxic_start10_limit3.jsonl
realistic_extension_iclr2027,0.25,langgraph_react_guarded,0,5,toxictool_bench/results/verification_stress/realistic_extension_iclr2027/p025/20260830-211909_langgraph_react_guarded_claude-haiku-4-5-20251001_toxic_start0_limit5.jsonl
realistic_extension_iclr2027,0.25,langgraph_react_guarded,5,5,toxictool_bench/results/verification_stress/realistic_extension_iclr2027/p025/20260830-212346_langgraph_react_guarded_claude-haiku-4-5-20251001_toxic_start5_limit5.jsonl
realistic_extension_iclr2027,0.25,langgraph_react_guarded,10,3,toxictool_bench/results/verification_stress/realistic_extension_iclr2027/p025/20260830-212901_langgraph_react_guarded_claude-haiku-4-5-20251001_toxic_start10_limit3.jsonl
realistic_extension_iclr2027,0.5,langgraph_react_verification_only,0,5,toxictool_bench/results/verification_stress/realistic_extension_iclr2027/p050/20260830-213110_langgraph_react_verification_only_claude-haiku-4-5-20251001_toxic_start0_limit5.jsonl
realistic_extension_iclr2027,0.5,langgraph_react_verification_only,5,5,toxictool_bench/results/verification_stress/realistic_extension_iclr2027/p050/20260830-213506_langgraph_react_verification_only_claude-haiku-4-5-20251001_toxic_start5_limit5.jsonl
realistic_extension_iclr2027,0.5,langgraph_react_verification_only,10,3,toxictool_bench/results/verification_stress/realistic_extension_iclr2027/p050/20260830-213900_langgraph_react_verification_only_claude-haiku-4-5-20251001_toxic_start10_limit3.jsonl
realistic_extension_iclr2027,0.5,langgraph_react_double_pass,0,5,toxictool_bench/results/verification_stress/realistic_extension_iclr2027/p050/20260830-214038_langgraph_react_double_pass_claude-haiku-4-5-20251001_toxic_start0_limit5.jsonl
realistic_extension_iclr2027,0.5,langgraph_react_double_pass,5,5,toxictool_bench/results/verification_stress/realistic_extension_iclr2027/p050/20260830-214334_langgraph_react_double_pass_claude-haiku-4-5-20251001_toxic_start5_limit5.jsonl
realistic_extension_iclr2027,0.5,langgraph_react_double_pass,10,3,toxictool_bench/results/verification_stress/realistic_extension_iclr2027/p050/20260830-214741_langgraph_react_double_pass_claude-haiku-4-5-20251001_toxic_start10_limit3.jsonl
realistic_extension_iclr2027,0.5,langgraph_react_guarded,0,5,toxictool_bench/results/verification_stress/realistic_extension_iclr2027/p050/20260830-214946_langgraph_react_guarded_claude-haiku-4-5-20251001_toxic_start0_limit5.jsonl
realistic_extension_iclr2027,0.5,langgraph_react_guarded,5,5,toxictool_bench/results/verification_stress/realistic_extension_iclr2027/p050/20260830-215329_langgraph_react_guarded_claude-haiku-4-5-20251001_toxic_start5_limit5.jsonl
realistic_extension_iclr2027,0.5,langgraph_react_guarded,10,3,toxictool_bench/results/verification_stress/realistic_extension_iclr2027/p050/20260830-215844_langgraph_react_guarded_claude-haiku-4-5-20251001_toxic_start10_limit3.jsonl
realistic_extension_iclr2027,0.75,langgraph_react_verification_only,0,5,toxictool_bench/results/verification_stress/realistic_extension_iclr2027/p075/20260830-220120_langgraph_react_verification_only_claude-haiku-4-5-20251001_toxic_start0_limit5.jsonl
realistic_extension_iclr2027,0.75,langgraph_react_verification_only,5,5,toxictool_bench/results/verification_stress/realistic_extension_iclr2027/p075/20260830-220519_langgraph_react_verification_only_claude-haiku-4-5-20251001_toxic_start5_limit5.jsonl
realistic_extension_iclr2027,0.75,langgraph_react_verification_only,10,3,toxictool_bench/results/verification_stress/realistic_extension_iclr2027/p075/20260830-221026_langgraph_react_verification_only_claude-haiku-4-5-20251001_toxic_start10_limit3.jsonl
realistic_extension_iclr2027,0.75,langgraph_react_double_pass,0,5,toxictool_bench/results/verification_stress/realistic_extension_iclr2027/p075/20260830-221214_langgraph_react_double_pass_claude-haiku-4-5-20251001_toxic_start0_limit5.jsonl
realistic_extension_iclr2027,0.75,langgraph_react_double_pass,5,5,toxictool_bench/results/verification_stress/realistic_extension_iclr2027/p075/20260830-221825_langgraph_react_double_pass_claude-haiku-4-5-20251001_toxic_start5_limit5.jsonl
realistic_extension_iclr2027,0.75,langgraph_react_double_pass,10,3,toxictool_bench/results/verification_stress/realistic_extension_iclr2027/p075/20260830-222225_langgraph_react_double_pass_claude-haiku-4-5-20251001_toxic_start10_limit3.jsonl
realistic_extension_iclr2027,0.75,langgraph_react_guarded,0,5,toxictool_bench/results/verification_stress/realistic_extension_iclr2027/p075/20260830-222435_langgraph_react_guarded_claude-haiku-4-5-20251001_toxic_start0_limit5.jsonl
realistic_extension_iclr2027,0.75,langgraph_react_guarded,5,5,toxictool_bench/results/verification_stress/realistic_extension_iclr2027/p075/20260830-222755_langgraph_react_guarded_claude-haiku-4-5-20251001_toxic_start5_limit5.jsonl
realistic_extension_iclr2027,0.75,langgraph_react_guarded,10,3,toxictool_bench/results/verification_stress/realistic_extension_iclr2027/p075/20260830-223109_langgraph_react_guarded_claude-haiku-4-5-20251001_toxic_start10_limit3.jsonl
realistic_extension_iclr2027,1.0,langgraph_react_verification_only,0,5,toxictool_bench/results/verification_stress/realistic_extension_iclr2027/p100/20260830-223317_langgraph_react_verification_only_claude-haiku-4-5-20251001_toxic_start0_limit5.jsonl
realistic_extension_iclr2027,1.0,langgraph_react_verification_only,5,5,toxictool_bench/results/verification_stress/realistic_extension_iclr2027/p100/20260830-223646_langgraph_react_verification_only_claude-haiku-4-5-20251001_toxic_start5_limit5.jsonl
realistic_extension_iclr2027,1.0,langgraph_react_verification_only,10,3,toxictool_bench/results/verification_stress/realistic_extension_iclr2027/p100/20260830-224019_langgraph_react_verification_only_claude-haiku-4-5-20251001_toxic_start10_limit3.jsonl
realistic_extension_iclr2027,1.0,langgraph_react_double_pass,0,5,toxictool_bench/results/verification_stress/realistic_extension_iclr2027/p100/20260830-224220_langgraph_react_double_pass_claude-haiku-4-5-20251001_toxic_start0_limit5.jsonl
realistic_extension_iclr2027,1.0,langgraph_react_double_pass,5,5,toxictool_bench/results/verification_stress/realistic_extension_iclr2027/p100/20260830-224706_langgraph_react_double_pass_claude-haiku-4-5-20251001_toxic_start5_limit5.jsonl
realistic_extension_iclr2027,1.0,langgraph_react_double_pass,10,3,toxictool_bench/results/verification_stress/realistic_extension_iclr2027/p100/20260830-225323_langgraph_react_double_pass_claude-haiku-4-5-20251001_toxic_start10_limit3.jsonl
realistic_extension_iclr2027,1.0,langgraph_react_guarded,0,5,toxictool_bench/results/verification_stress/realistic_extension_iclr2027/p100/20260830-225541_langgraph_react_guarded_claude-haiku-4-5-20251001_toxic_start0_limit5.jsonl
realistic_extension_iclr2027,1.0,langgraph_react_guarded,5,5,toxictool_bench/results/verification_stress/realistic_extension_iclr2027/p100/20260830-225915_langgraph_react_guarded_claude-haiku-4-5-20251001_toxic_start5_limit5.jsonl
realistic_extension_iclr2027,1.0,langgraph_react_guarded,10,3,toxictool_bench/results/verification_stress/realistic_extension_iclr2027/p100/20260830-230325_langgraph_react_guarded_claude-haiku-4-5-20251001_toxic_start10_limit3.jsonl
