blind_id,bcr,adr,vr,rr,notes
TB-AUD-001,,,,,
TB-AUD-002,,,,,
TB-AUD-003,,,,,
TB-AUD-004,,,,,
TB-AUD-005,,,,,
TB-AUD-006,,,,,
TB-AUD-007,,,,,
TB-AUD-008,,,,,
TB-AUD-009,,,,,
TB-AUD-010,,,,,
TB-AUD-011,,,,,
TB-AUD-012,,,,,
TB-AUD-013,,,,,
TB-AUD-014,,,,,
TB-AUD-015,,,,,
TB-AUD-016,,,,,
TB-AUD-017,,,,,
TB-AUD-018,,,,,
TB-AUD-019,,,,,
TB-AUD-020,,,,,
TB-AUD-021,,,,,
TB-AUD-022,,,,,
TB-AUD-023,,,,,
TB-AUD-024,,,,,
TB-AUD-025,,,,,
TB-AUD-026,,,,,
TB-AUD-027,,,,,
TB-AUD-028,,,,,
TB-AUD-029,,,,,
TB-AUD-030,,,,,
TB-AUD-031,,,,,
TB-AUD-032,,,,,
TB-AUD-033,,,,,
TB-AUD-034,,,,,
TB-AUD-035,,,,,
TB-AUD-036,,,,,
TB-AUD-037,,,,,
TB-AUD-038,,,,,
TB-AUD-039,,,,,
TB-AUD-040,,,,,
TB-AUD-041,,,,,
TB-AUD-042,,,,,
TB-AUD-043,,,,,
TB-AUD-044,,,,,
TB-AUD-045,,,,,
TB-AUD-046,,,,,
TB-AUD-047,,,,,
TB-AUD-048,,,,,
TB-AUD-049,,,,,
TB-AUD-050,,,,,
TB-AUD-051,,,,,
TB-AUD-052,,,,,
TB-AUD-053,,,,,
TB-AUD-054,,,,,
TB-AUD-055,,,,,
TB-AUD-056,,,,,
TB-AUD-057,,,,,
TB-AUD-058,,,,,
TB-AUD-059,,,,,
TB-AUD-060,,,,,
TB-AUD-061,,,,,
TB-AUD-062,,,,,
TB-AUD-063,,,,,
TB-AUD-064,,,,,
TB-AUD-065,,,,,
TB-AUD-066,,,,,
TB-AUD-067,,,,,
TB-AUD-068,,,,,
TB-AUD-069,,,,,
TB-AUD-070,,,,,
TB-AUD-071,,,,,
TB-AUD-072,,,,,
TB-AUD-073,,,,,
TB-AUD-074,,,,,
TB-AUD-075,,,,,
TB-AUD-076,,,,,
TB-AUD-077,,,,,
TB-AUD-078,,,,,
TB-AUD-079,,,,,
TB-AUD-080,,,,,
TB-AUD-081,,,,,
TB-AUD-082,,,,,
TB-AUD-083,,,,,
TB-AUD-084,,,,,
TB-AUD-085,,,,,
TB-AUD-086,,,,,
TB-AUD-087,,,,,
TB-AUD-088,,,,,
TB-AUD-089,,,,,
TB-AUD-090,,,,,
TB-AUD-091,,,,,
TB-AUD-092,,,,,
TB-AUD-093,,,,,
TB-AUD-094,,,,,
TB-AUD-095,,,,,
TB-AUD-096,,,,,
TB-AUD-097,,,,,
TB-AUD-098,,,,,
TB-AUD-099,,,,,
TB-AUD-100,,,,,
TB-AUD-101,,,,,
TB-AUD-102,,,,,
TB-AUD-103,,,,,
TB-AUD-104,,,,,
TB-AUD-105,,,,,
TB-AUD-106,,,,,
TB-AUD-107,,,,,
TB-AUD-108,,,,,
TB-AUD-109,,,,,
TB-AUD-110,,,,,
TB-AUD-111,,,,,
TB-AUD-112,,,,,
TB-AUD-113,,,,,
TB-AUD-114,,,,,
TB-AUD-115,,,,,
TB-AUD-116,,,,,
TB-AUD-117,,,,,
TB-AUD-118,,,,,
TB-AUD-119,,,,,
TB-AUD-120,,,,,
